fileName,sport,startTime,totalDistance,totalTimerTime,avgHeartRate,maxHeartRate,avgCadence,avgSpeed,maxSpeed,totalAscent,totalDescent,startLatitude,startLongitude,endLatitude,endLongitude,recordCount,gpxFile
2025-04-27-07-20-18.fit,HIKING,2005-04-28T07:20:18-07:00,33654.55859375,36566.13671875,130,172,20,,,1050.0,950.0,32.596583822742105,-116.46682091988623,32.6858286280185,-116.51757074519992,8612,gpx/2025-04-27-07-20-18.gpx
2025-04-28-07-55-03.fit,HIKING,2005-04-29T07:55:03-07:00,28186.30078125,34644.1328125,129,166,17,,,1143.0,417.0,32.68512706272304,-116.51685090735555,32.81786338426173,-116.41466729342937,7330,gpx/2025-04-28-07-55-03.gpx
2025-04-29-06-51-33.fit,HIKING,2005-04-30T06:51:33-07:00,7923.580078125,10493.9853515625,113,149,19,,,247.0,97.0,32.818201845511794,-116.41470082104206,32.86203660070896,-116.42000262625515,2128,gpx/2025-04-29-06-51-33.gpx
2025-04-29-12-35-28.fit,HIKING,2005-04-30T12:35:28-07:00,16871.900390625,18573.205078125,123,153,18,,,322.0,518.0,32.86780661903322,-116.41870359890163,32.92469090782106,-116.48153576999903,3915,gpx/2025-04-29-12-35-28.gpx
2025-04-30-07-17-26.fit,HIKING,2005-05-01T07:17:26-07:00,15798.2197265625,14952.62109375,120,153,22,,,306.0,488.0,32.92583495378494,-116.48209190927446,33.01038480363786,-116.53762159869075,3291,gpx/2025-04-30-07-17-26.gpx
2025-04-30-12-04-25.fit,HIKING,2005-05-01T12:04:25-07:00,9539.6796875,8716.208984375,130,164,20,,,181.0,496.0,33.01099802367389,-116.53818896971643,33.050570748746395,-116.52382381260395,2134,gpx/2025-04-30-12-04-25.gpx
2025-04-30-16-04-39.fit,HIKING,2005-05-01T16:04:39-07:00,7428.64013671875,6826.98876953125,131,155,23,,,172.0,350.0,33.05098925717175,-116.52357428334653,33.06612806394696,-116.48259063251317,1728,gpx/2025-04-30-16-04-39.gpx
2025-05-01-06-26-52.fit,HIKING,2005-05-02T06:26:52-07:00,6681.43017578125,5159.373046875,116,141,40,,,47.0,293.0,33.06661547161639,-116.48222140967846,33.0990176461637,-116.46996421739459,1183,gpx/2025-05-01-06-26-52.gpx
2025-05-02-09-34-04.fit,HIKING,2005-05-03T09:34:04-07:00,28258.26953125,26526.408203125,134,167,19,,,911.0,296.0,33.098409455269575,-116.47191787138581,33.180737094953656,-116.55832749791443,6516,gpx/2025-05-02-09-34-04.gpx
2025-05-03-06-25-16.fit,HIKING,2005-05-04T06:25:16-07:00,29415.080078125,27801.28515625,116,147,24,,,415.0,818.0,33.180930968374014,-116.55807419680059,33.29516088590026,-116.63939198479056,6369,gpx/2025-05-03-06-25-16.gpx
2025-05-04-07-58-26.fit,HIKING,2005-05-05T07:58:26-07:00,23388.0,21581.599609375,123,154,19,,,995.0,367.0,33.2950568664819,-116.63916064426303,33.38112107478082,-116.590577038005,5355,gpx/2025-05-04-07-58-26.gpx
2025-05-04-14-35-18.fit,HIKING,2005-05-05T14:35:18-07:00,7720.02978515625,8898.478515625,117,145,15,,,211.0,308.0,33.381190560758114,-116.59045860171318,33.41521848924458,-116.60773278214037,2049,gpx/2025-05-04-14-35-18.gpx
2025-05-05-07-28-06.fit,HIKING,2005-05-06T07:28:06-07:00,23252.390625,19356.171875,121,151,27,,,551.0,720.0,33.41531085781753,-116.60797560587525,33.51107996888459,-116.59628603607416,5080,gpx/2025-05-05-07-28-06.gpx
2025-05-06-06-51-15.fit,HIKING,2005-05-07T06:51:15-07:00,13364.1298828125,10040.7373046875,124,153,32,,,447.0,261.0,33.51116839796305,-116.59608864225447,33.56903336942196,-116.5913604106754,2607,gpx/2025-05-06-06-51-15.gpx
2025-05-07-12-26-55.fit,HIKING,2005-05-08T12:26:55-07:00,18849.939453125,17125.53125,124,160,22,,,835.0,409.0,33.563810186460614,-116.57701679505408,33.677039137110114,-116.57618807628751,4586,gpx/2025-05-07-12-26-55.gpx
2025-05-08-07-22-42.fit,HIKING,2005-05-09T07:22:42-07:00,25772.6796875,25906.908203125,131,164,16,,,1417.0,886.0,33.67661090567708,-116.57632428221405,33.76089940778911,-116.66526423767209,7134,gpx/2025-05-08-07-22-42.gpx
2025-05-09-06-50-37.fit,HIKING,2005-05-10T06:50:37-07:00,22624.189453125,26949.86328125,123,155,14,,,1113.0,1164.0,33.76181613653898,-116.66508377529681,33.83957211859524,-116.73618611879647,7228,gpx/2025-05-09-06-50-37.gpx
2025-05-10-06-01-59.fit,HIKING,2005-05-11T06:01:59-07:00,25442.490234375,21082.888671875,119,149,30,,,51.0,1875.0,33.83993664756417,-116.73660680651665,33.88039106503129,-116.67886722832918,5793,gpx/2025-05-10-06-01-59.gpx
2025-05-10-17-04-21.fit,HIKING,2005-05-11T17:04:21-07:00,3260.1298828125,2766.98291015625,134,149,23,,,154.0,11.0,33.925711596384645,-116.69488730840385,33.94785599783063,-116.69202212244272,688,gpx/2025-05-10-17-04-21.gpx
2025-05-11-05-57-50.fit,HIKING,2005-05-12T05:57:50-07:00,1496.510009765625,1040.43505859375,116,143,39,,,34.0,34.0,33.94787619821727,-116.69201902113855,33.94796253181994,-116.69212806969881,293,gpx/2025-05-11-05-57-50.gpx
2025-05-11-06-15-46.fit,HIKING,2005-05-12T06:15:46-07:00,26850.0,24708.9296875,121,158,24,,,1291.0,754.0,33.94794451072812,-116.69163680635393,34.059332460165024,-116.67371009476483,6724,gpx/2025-05-11-06-15-46.gpx
2025-05-12-07-00-19.fit,HIKING,2005-05-13T07:00:19-07:00,21255.30078125,22684.8671875,124,151,12,,,1557.0,179.0,34.05949397943914,-116.67362367734313,34.13351783528924,-116.75235137343407,6172,gpx/2025-05-12-07-00-19.gpx
2025-05-13-08-19-37.fit,HIKING,2005-05-14T08:19:37-07:00,28850.5703125,23515.8671875,114,142,23,,,774.0,1063.0,34.134033154696226,-116.75170068629086,34.24241669476032,-116.75462286919355,6155,gpx/2025-05-13-08-19-37.gpx
2025-05-13-16-47-16.fit,HIKING,2005-05-14T16:47:16-07:00,10640.5400390625,7109.009765625,123,152,45,,,210.0,308.0,34.242617106065154,-116.75460895523429,34.290976244956255,-116.80269467644393,1866,gpx/2025-05-13-16-47-16.gpx
2025-05-16-07-29-00.fit,HIKING,2005-05-17T07:29:00-07:00,35617.51953125,30411.69921875,113,140,23,,,758.0,878.0,34.29082151502371,-116.80256584659219,34.28347343578935,-117.00803705491126,7249,gpx/2025-05-16-07-29-00.gpx
2025-05-17-06-55-59.fit,HIKING,2005-05-18T06:55:59-07:00,31079.310546875,25847.55078125,108,145,27,,,521.0,1411.0,34.28354878909886,-117.00816278345883,34.3403485044837,-117.17698344960809,6751,gpx/2025-05-17-06-55-59.gpx
2025-05-18-07-18-23.fit,HIKING,2005-05-19T07:18:23-07:00,35131.2109375,33938.51171875,113,150,26,,,778.0,823.0,34.339793203398585,-117.17658556066453,34.28385749459267,-117.3451033886522,7584,gpx/2025-05-18-07-18-23.gpx
2025-05-19-06-55-24.fit,HIKING,2005-05-20T06:55:24-07:00,32314.80078125,28163.375,112,148,24,,,871.0,836.0,34.28382505662739,-117.34586304053664,34.29690510034561,-117.50704410485923,6918,gpx/2025-05-19-06-55-24.gpx
2025-05-21-10-25-41.fit,HIKING,2005-05-22T10:25:41-07:00,15896.2099609375,13968.6220703125,135,166,22,,,1048.0,774.0,34.372970620170236,-117.75221418589354,34.347266759723425,-117.83124153502285,4316,gpx/2025-05-21-10-25-41.gpx
2025-05-21-18-15-34.fit,HIKING,2005-05-22T18:15:34-07:00,4078.489990234375,3803.4970703125,109,148,22,,,205.0,230.0,34.34700708836317,-117.8316153679043,34.34717170894146,-117.83104330301285,1082,gpx/2025-05-21-18-15-34.gpx
2025-05-22-06-53-09.fit,HIKING,2005-05-23T06:53:09-07:00,38437.21875,29656.1484375,121,157,32,,,1134.0,1848.0,34.34723767451942,-117.83104833215475,34.36701628379524,-117.98788254149258,8103,gpx/2025-05-22-06-53-09.gpx
2025-05-23-06-04-02.fit,HIKING,2005-05-24T06:04:02-07:00,38502.421875,31439.142578125,115,143,27,,,1293.0,1115.0,34.367245780304074,-117.9897605907172,34.38023856841028,-118.18966822698712,7943,gpx/2025-05-23-06-04-02.gpx
2025-05-24-05-44-17.fit,HIKING,2005-05-25T05:44:17-07:00,39487.78125,30618.34375,110,146,29,,,980.0,2006.0,34.38030579127371,-118.1896729208529,34.49480317533016,-118.32680907100439,8401,gpx/2025-05-24-05-44-17.gpx
2025-05-25-10-29-02.fit,HIKING,2005-05-26T10:29:02-07:00,22586.720703125,19830.705078125,111,151,23,,,1004.0,586.0,34.50104299932718,-118.32696447148919,34.5971302036196,-118.33827174268663,4369,gpx/2025-05-25-10-29-02.gpx
2025-05-26-06-07-11.fit,HIKING,2005-05-27T06:07:11-07:00,35750.3515625,27922.7421875,110,141,24,,,1134.0,955.0,34.597195414826274,-118.33822455257177,34.6799748390913,-118.49395763128996,6151,gpx/2025-05-26-06-07-11.gpx
2025-05-27-06-54-03.fit,HIKING,2005-05-28T06:54:03-07:00,33724.44140625,26268.244140625,107,141,24,,,905.0,1113.0,34.68022235669196,-118.49406994879246,34.73582270555198,-118.64339095540345,5717,gpx/2025-05-27-06-54-03.gpx
2025-05-28-06-14-15.fit,HIKING,2005-05-29T06:14:15-07:00,10931.9501953125,8334.685546875,100,135,32,,,289.0,530.0,34.735621539875865,-118.64347100257874,34.775633392855525,-118.60707552172244,1980,gpx/2025-05-28-06-14-15.gpx
2025-05-28-16-11-48.fit,HIKING,2005-05-29T16:11:48-07:00,27788.0,21864.654296875,95,130,29,,,327.0,313.0,34.77585978806019,-118.6065058875829,34.89737953059375,-118.45557237043977,3657,gpx/2025-05-28-16-11-48.gpx
2025-05-29-07-12-18.fit,HIKING,2005-05-30T07:12:18-07:00,37500.80859375,29917.3515625,117,155,29,,,1590.0,1306.0,34.897686559706926,-118.45592457801104,35.04929062910378,-118.35915424861014,6878,gpx/2025-05-29-07-12-18.gpx
2025-05-30-05-10-47.fit,HIKING,2005-05-31T05:10:47-07:00,13582.0703125,9977.1005859375,108,140,38,,,385.0,467.0,35.049351900815964,-118.35893489420414,35.10004682466388,-118.29278944060206,2183,gpx/2025-05-30-05-10-47.gpx
2025-05-31-16-49-18.fit,HIKING,2005-06-01T16:49:18-07:00,4778.33984375,3688.408935546875,115,137,26,,,200.0,60.0,35.09897293522954,-118.2932520378381,35.11398358270526,-118.25751470401883,788,gpx/2025-05-31-16-49-18.gpx
2025-05-31-18-23-11.fit,HIKING,2005-06-01T18:23:11-07:00,2328.68994140625,2038.8780517578125,127,137,12,,,244.0,3.0,35.11393471620977,-118.25752786360681,35.1184350438416,-118.26428786851466,553,gpx/2025-05-31-18-23-11.gpx
2025-06-01-06-53-16.fit,HIKING,2005-06-02T06:53:16-07:00,37422.94921875,28931.810546875,116,148,30,,,1223.0,1244.0,35.11840319260955,-118.26431569643319,35.29998941347003,-118.2673320081085,6490,gpx/2025-06-01-06-53-16.gpx
2025-06-02-06-27-01.fit,HIKING,2005-06-03T06:27:01-07:00,31984.009765625,24636.6328125,119,152,34,,,1266.0,858.0,35.300281438976526,-118.26719705946743,35.455974116921425,-118.26619894243777,5659,gpx/2025-06-02-06-27-01.gpx
2025-06-03-06-06-37.fit,HIKING,2005-06-04T06:06:37-07:00,42397.51953125,33016.54296875,114,154,33,,,1476.0,1481.0,35.455787535756826,-118.26617228798568,35.59134998358786,-118.1162693258375,7359,gpx/2025-06-03-06-06-37.gpx
2025-06-04-06-27-23.fit,HIKING,2005-06-05T06:27:23-07:00,31004.669921875,23184.705078125,110,141,37,,,928.0,870.0,35.59130891226232,-118.11613311991096,35.69484083913267,-117.9860421270132,4892,gpx/2025-06-04-06-27-23.gpx
2025-06-05-05-51-49.fit,HIKING,2005-06-06T05:51:49-07:00,39360.6796875,30459.716796875,115,152,32,,,1360.0,1613.0,35.694997077807784,-117.98614698462188,35.83923672325909,-118.04321031086147,7208,gpx/2025-06-05-05-51-49.gpx
2025-06-06-05-59-42.fit,HIKING,2005-06-07T05:59:42-07:00,27803.669921875,20228.6484375,114,139,40,,,896.0,860.0,35.83921601995826,-118.04316245019436,35.97631956450641,-118.15546059049666,4575,gpx/2025-06-06-05-59-42.gpx
2025-06-06-12-58-10.fit,HIKING,2005-06-07T12:58:10-07:00,8335.9501953125,6436.59912109375,114,135,47,,,290.0,167.0,35.9763459675014,-118.15546511672437,36.01901832036674,-118.12335211783648,1344,gpx/2025-06-06-12-58-10.gpx
2025-06-08-16-27-18.fit,HIKING,2005-06-09T16:27:18-07:00,5333.990234375,4454.6181640625,99,117,46,,,70.0,75.0,36.018751775845885,-118.12372092157602,36.05357129126787,-118.13219477422535,733,gpx/2025-06-08-16-27-18.gpx
2025-06-09-06-36-55.fit,HIKING,2005-06-10T06:36:55-07:00,28474.490234375,22741.044921875,123,154,40,,,1494.0,342.0,36.0536078363657,-118.13218186609447,36.236776644364,-118.11743541620672,5041,gpx/2025-06-09-06-36-55.gpx
2025-06-10-07-04-02.fit,HIKING,2005-06-11T07:04:02-07:00,34218.640625,26036.423828125,118,153,42,,,988.0,1026.0,36.236876053735614,-118.11761168763041,36.42707945778966,-118.14702143892646,5524,gpx/2025-06-10-07-04-02.gpx
2025-06-11-07-06-15.fit,HIKING,2005-06-12T07:06:15-07:00,28725.7109375,21940.61328125,115,144,40,,,720.0,851.0,36.427195044234395,-118.14634091220796,36.49634683504701,-118.33696248941123,4765,gpx/2025-06-11-07-06-15.gpx
2025-06-12-07-57-54.fit,HIKING,2005-06-13T07:57:54-07:00,11518.3896484375,9984.85546875,120,151,37,,,599.0,297.0,36.496424870565534,-118.33787133917212,36.564352568238974,-118.34979669190943,2356,gpx/2025-06-12-07-57-54.gpx
2025-06-12-23-43-55.fit,HIKING,2005-06-13T23:43:55-07:00,11040.7001953125,13078.150390625,130,154,13,,,1089.0,96.0,36.56601629219949,-118.34883796982467,36.578613789752126,-118.29212307929993,3135,gpx/2025-06-12-23-43-55.gpx
2025-06-13-05-41-16.fit,HIKING,2005-06-14T05:41:16-07:00,11665.8603515625,11455.34765625,117,156,30,,,84.0,1157.0,36.577546605840325,-118.29334105364978,36.56423069536686,-118.3499126136303,2846,gpx/2025-06-13-05-41-16.gpx
2025-06-14-08-25-55.fit,HIKING,2005-06-15T08:25:55-07:00,14555.7900390625,12625.6962890625,112,148,36,,,544.0,460.0,36.56429858878255,-118.34986785426736,36.64417049847543,-118.38702877052128,2791,gpx/2025-06-14-08-25-55.gpx
2025-06-15-05-06-45.fit,HIKING,2005-06-16T05:06:45-07:00,33856.46875,31501.5078125,122,157,30,,,1390.0,1745.0,36.64323499426246,-118.38738466612995,36.77249014377594,-118.34126005880535,7483,gpx/2025-06-15-05-06-45.gpx
2025-06-17-17-18-55.fit,HIKING,2005-06-18T17:18:55-07:00,10039.9697265625,12866.8251953125,121,150,27,,,791.0,271.0,36.77261335775256,-118.34078690037131,36.76967315375805,-118.38597558438778,2937,gpx/2025-06-17-17-18-55.gpx
2025-06-18-06-44-00.fit,HIKING,2005-06-19T06:44:00-07:00,9870.900390625,11491.8740234375,126,154,24,,,543.0,456.0,36.76976636052132,-118.38623408228159,36.80381013080478,-118.40150691568851,2589,gpx/2025-06-18-06-44-00.gpx
2025-06-18-12-39-52.fit,HIKING,2005-06-19T12:39:52-07:00,11016.48046875,9385.318359375,109,140,40,,,96.0,705.0,36.803801748901606,-118.40151395648718,36.87345150858164,-118.43759268522263,2097,gpx/2025-06-18-12-39-52.gpx
2025-06-19-07-26-35.fit,HIKING,2005-06-20T07:26:35-07:00,26707.130859375,30683.92578125,119,150,26,,,1644.0,746.0,36.87352099455893,-118.43769209459424,37.025856133550406,-118.45699360594153,6932,gpx/2025-06-19-07-26-35.gpx
2025-06-20-07-45-03.fit,HIKING,2005-06-21T07:45:03-07:00,31619.0,29515.38671875,116,149,31,,,1100.0,1451.0,37.025882955640554,-118.4568727388978,37.11418236605823,-118.63726722076535,6870,gpx/2025-06-20-07-45-03.gpx
2025-06-21-07-51-16.fit,HIKING,2005-06-22T07:51:16-07:00,29545.310546875,30667.916015625,106,144,26,,,749.0,1374.0,37.11433391086757,-118.63716169260442,37.19287930056453,-118.79456377588212,6784,gpx/2025-06-21-07-51-16.gpx
2025-06-22-07-48-55.fit,HIKING,2005-06-23T07:48:55-07:00,35489.23828125,29538.26953125,111,143,34,,,1221.0,954.0,37.192851388826966,-118.79482395015657,37.37797795794904,-118.90328292734921,6467,gpx/2025-06-22-07-48-55.gpx
2025-06-23-05-16-24.fit,HIKING,2005-06-24T05:16:24-07:00,13098.759765625,9561.287109375,105,151,45,,,292.0,786.0,37.378084156662226,-118.90359599143267,37.375989854335785,-119.01298535987735,2390,gpx/2025-06-23-05-16-24.gpx
2025-06-25-11-27-54.fit,HIKING,2005-06-26T11:27:54-07:00,24255.310546875,21619.41796875,131,166,31,,,1461.0,659.0,37.404658645391464,-118.94244586117566,37.516031842678785,-118.93400654196739,5257,gpx/2025-06-25-11-27-54.gpx
2025-06-26-06-39-04.fit,HIKING,2005-06-27T06:39:04-07:00,25041.4609375,18632.796875,115,152,41,,,648.0,1058.0,37.51622948795557,-118.93513063900173,37.612966876477,-119.0213546063751,4315,gpx/2025-06-26-06-39-04.gpx
2025-06-27-11-33-53.fit,HIKING,2005-06-28T11:33:53-07:00,20715.369140625,18921.76953125,106,142,36,,,641.0,707.0,37.6129652839154,-119.02166482061148,37.68658152781427,-119.08792208880186,4061,gpx/2025-06-27-11-33-53.gpx
2025-06-28-07-47-16.fit,HIKING,2005-06-29T07:47:16-07:00,26664.2890625,24884.548828125,114,142,35,,,1170.0,862.0,37.68687036819756,-119.08809391781688,37.77384493499994,-119.25986124202609,5733,gpx/2025-06-28-07-47-16.gpx
2025-06-29-07-20-44.fit,HIKING,2005-06-30T07:20:44-07:00,25059.16015625,19721.71484375,102,126,47,,,171.0,606.0,37.77394593693316,-119.25975973717868,37.89772091433406,-119.40133636817336,3628,gpx/2025-06-29-07-20-44.gpx
2025-06-29-16-26-12.fit,RUNNING,2005-06-30T16:26:12-07:00,4850.43017578125,2064.50390625,143,157,69,,,93.0,46.0,37.89809868671,-119.40047294832766,37.87912608124316,-119.36031055636704,2067,gpx/2025-06-29-16-26-12.gpx
2025-06-29-17-42-25.fit,HIKING,2005-06-30T17:42:25-07:00,6001.419921875,4154.3701171875,115,133,48,,,56.0,104.0,37.87541155703366,-119.35576974414289,37.89772141724825,-119.40133083611727,808,gpx/2025-06-29-17-42-25.gpx
2025-06-29-18-54-42.fit,HIKING,2005-06-30T18:54:42-07:00,2973.85009765625,2505.9541015625,107,127,44,,,37.0,158.0,37.89754321798682,-119.40194573253393,37.90709816850722,-119.41860585473478,557,gpx/2025-06-29-18-54-42.gpx
2025-06-30-07-47-19.fit,HIKING,2005-07-01T07:47:19-07:00,33273.53125,29282.806640625,112,141,39,,,1447.0,1044.0,37.90965464897454,-119.41807502880692,38.01231318153441,-119.4873461779207,6605,gpx/2025-06-30-07-47-19.gpx
2025-07-01-08-02-03.fit,HIKING,2005-07-02T08:02:03-07:00,29555.23046875,26933.779296875,115,146,35,,,1393.0,1773.0,38.01216649822891,-119.48748590424657,38.0690741725266,-119.63970839045942,7111,gpx/2025-07-01-08-02-03.gpx
2025-07-02-07-58-20.fit,HIKING,2005-07-03T07:58:20-07:00,27615.009765625,22988.306640625,108,142,38,,,666.0,493.0,38.06919101625681,-119.63985222391784,38.24125933460891,-119.57759144715965,4787,gpx/2025-07-02-07-58-20.gpx
2025-07-03-06-14-22.fit,HIKING,2005-07-04T06:14:22-07:00,22683.939453125,16941.31640625,122,155,41,,,1029.0,733.0,38.24154800735414,-119.5776645373553,38.333312664180994,-119.64066619053483,3906,gpx/2025-07-03-06-14-22.gpx
2025-07-04-10-21-50.fit,HIKING,2005-07-05T10:21:50-07:00,30734.720703125,23469.677734375,114,154,39,,,1215.0,1384.0,38.32970928400755,-119.63520789518952,38.47560443915427,-119.72833771258593,5857,gpx/2025-07-04-10-21-50.gpx
2025-07-05-07-21-12.fit,HIKING,2005-07-06T07:21:12-07:00,44343.140625,33488.3671875,110,144,44,,,1491.0,1848.0,38.47567250020802,-119.7284240461886,38.60624637454748,-119.88697897642851,7972,gpx/2025-07-05-07-21-12.gpx
2025-07-06-06-10-47.fit,HIKING,2005-07-07T06:10:47-07:00,21937.240234375,16303.6904296875,114,143,42,,,920.0,692.0,38.60707366839051,-119.8875875864178,38.69472046382725,-119.9892667774111,3834,gpx/2025-07-06-06-10-47.gpx
2025-07-06-12-10-18.fit,HIKING,2005-07-07T12:10:18-07:00,22567.599609375,16244.53125,116,153,42,,,579.0,986.0,38.69520409964025,-119.98961973935366,38.82255588658154,-120.04011483862996,3776,gpx/2025-07-06-12-10-18.gpx
2025-07-08-12-26-21.fit,HIKING,2005-07-09T12:26:21-07:00,20365.3203125,17121.05859375,108,142,36,,,820.0,495.0,38.82353212684393,-120.04078631289303,38.89242097735405,-120.11506078764796,3791,gpx/2025-07-08-12-26-21.gpx
2025-07-09-08-08-52.fit,HIKING,2005-07-10T08:08:52-07:00,34532.53125,25455.353515625,109,146,44,,,1031.0,1222.0,38.8923872821033,-120.11491066776216,39.077157033607364,-120.23494044318795,5852,gpx/2025-07-09-08-08-52.gpx
2025-07-10-08-11-34.fit,HIKING,2005-07-11T08:11:34-07:00,35117.6796875,28921.388671875,110,149,42,,,1473.0,1220.0,39.07733950763941,-120.23534847423434,39.253680584952235,-120.29110154137015,6721,gpx/2025-07-10-08-11-34.gpx
2025-07-11-06-43-01.fit,HIKING,2005-07-12T06:43:01-07:00,11247.75,8908.583984375,99,133,44,,,164.0,610.0,39.25378108397126,-120.29151015914977,39.318182431161404,-120.3301952406764,1943,gpx/2025-07-11-06-43-01.gpx
2025-07-13-15-55-14.fit,HIKING,2005-07-14T15:55:14-07:00,11874.3095703125,8865.205078125,119,141,46,,,465.0,242.0,39.31671886704862,-120.32590823248029,39.367902455851436,-120.36813190206885,2071,gpx/2025-07-13-15-55-14.gpx
2025-07-14-07-35-12.fit,HIKING,2005-07-15T07:35:12-07:00,30111.80078125,22009.7890625,118,152,48,,,913.0,1053.0,39.36788317747414,-120.36824405193329,39.4698048569262,-120.49401844851673,4870,gpx/2025-07-14-07-35-12.gpx
2025-07-14-15-50-30.fit,HIKING,2005-07-15T15:50:30-07:00,18593.5,14721.46875,106,137,45,,,271.0,891.0,39.46974593214691,-120.49421802163124,39.5437184907496,-120.5730739608407,3255,gpx/2025-07-14-15-50-30.gpx
2025-07-15-07-13-01.fit,HIKING,2005-07-16T07:13:01-07:00,9975.1396484375,6647.6669921875,100,134,49,,,136.0,456.0,39.54402686096728,-120.57307848706841,39.56559307873249,-120.63633495010436,1520,gpx/2025-07-15-07-13-01.gpx
2025-07-15-15-55-22.fit,HIKING,2005-07-16T15:55:22-07:00,22117.529296875,17971.8984375,119,147,43,,,1166.0,426.0,39.57678945735097,-120.61268214136362,39.66209392994642,-120.6756670307368,4026,gpx/2025-07-15-15-55-22.gpx
2025-07-16-07-56-53.fit,HIKING,2005-07-17T07:56:53-07:00,40350.96875,28881.1640625,110,145,50,,,1147.0,1435.0,39.66230289079249,-120.6758327409625,39.784219516441226,-120.92301020398736,6440,gpx/2025-07-16-07-56-53.gpx
2025-07-17-07-08-08.fit,HIKING,2005-07-18T07:08:08-07:00,37526.078125,28560.123046875,107,134,46,,,1361.0,1412.0,39.78451087139547,-120.92312444932759,39.83336730860174,-121.11449888907373,6531,gpx/2025-07-17-07-08-08.gpx
2025-07-18-06-26-49.fit,HIKING,2005-07-19T06:26:49-07:00,9857.5595703125,6498.13818359375,96,128,54,,,67.0,314.0,39.833635445684195,-121.11449922434986,39.870266960933805,-121.17365383543074,1167,gpx/2025-07-18-06-26-49.gpx
2025-07-18-10-21-24.fit,HIKING,2005-07-19T10:21:24-07:00,1613.030029296875,1297.2349853515625,97,109,46,,,17.0,17.0,39.870764426887035,-121.17369079962373,39.87939233891666,-121.16495174355805,208,gpx/2025-07-18-10-21-24.gpx
2025-07-18-13-12-14.fit,HIKING,2005-07-19T13:12:14-07:00,34116.1484375,23108.240234375,112,150,49,,,807.0,1653.0,39.8792314901948,-121.16474772803485,40.003653801977634,-121.25610988587141,5321,gpx/2025-07-18-13-12-14.gpx
2025-07-19-07-53-06.fit,HIKING,2005-07-20T07:53:06-07:00,39019.8203125,31433.814453125,114,145,41,,,2071.0,753.0,40.00601666048169,-121.25069576315582,40.15621508471668,-121.42303858883679,7172,gpx/2025-07-19-07-53-06.gpx
2025-07-20-06-03-55.fit,HIKING,2005-07-21T06:03:55-07:00,32737.810546875,25151.78515625,106,140,47,,,804.0,1256.0,40.1561776176095,-121.423060297966,40.261448957026005,-121.3387013040483,5288,gpx/2025-07-20-06-03-55.gpx
2025-07-21-11-50-10.fit,HIKING,2005-07-22T11:50:10-07:00,30815.83984375,24124.7578125,102,137,46,,,1013.0,888.0,40.262223947793245,-121.33893708698452,40.44279486872256,-121.39479450881481,5204,gpx/2025-07-21-11-50-10.gpx
2025-07-22-07-19-59.fit,HIKING,2005-07-23T07:19:59-07:00,43007.21875,30732.109375,101,136,49,,,650.0,1027.0,40.442800065502524,-121.39392890967429,40.677201161161065,-121.42588114365935,5788,gpx/2025-07-22-07-19-59.gpx
2025-07-23-06-40-22.fit,HIKING,2005-07-24T06:40:22-07:00,47668.2109375,34147.79296875,99,130,50,,,671.0,1060.0,40.680215544998646,-121.41975221224129,40.92718882486224,-121.54216881841421,6570,gpx/2025-07-23-06-40-22.gpx
2025-07-24-06-05-16.fit,HIKING,2005-07-25T06:05:16-07:00,5723.6201171875,7782.64599609375,79,104,24,,,124.0,32.0,40.9271876513958,-121.54219656251371,40.954240998253226,-121.56023282557726,1286,gpx/2025-07-24-06-05-16.gpx
2025-07-25-07-13-06.fit,HIKING,2005-07-26T07:13:06-07:00,37650.76953125,27725.46875,105,140,46,,,1102.0,602.0,40.955591071397066,-121.55991774983704,41.0665731690824,-121.78825361654162,5512,gpx/2025-07-25-07-13-06.gpx
2025-07-26-05-51-21.fit,HIKING,2005-07-27T05:51:21-07:00,50252.671875,41734.56640625,102,141,40,,,1704.0,1927.0,41.06680702418089,-121.78866701200604,41.126847602427006,-122.00237042270601,9440,gpx/2025-07-26-05-51-21.gpx
2025-07-27-06-32-05.fit,HIKING,2005-07-28T06:32:05-07:00,52110.23046875,38165.5546875,104,139,44,,,1439.0,1643.0,41.12733341753483,-122.0028165075928,41.155768018215895,-122.26642090827227,8332,gpx/2025-07-27-06-32-05.gpx
2025-07-28-06-02-04.fit,HIKING,2005-07-29T06:02:04-07:00,7756.81982421875,5617.56298828125,90,116,52,,,19.0,520.0,41.1557038128376,-122.26645661517978,41.162596167996526,-122.29639325290918,1275,gpx/2025-07-28-06-02-04.gpx
2025-07-28-14-51-46.fit,HIKING,2005-07-29T14:51:46-07:00,15797.3701171875,12856.189453125,102,125,40,,,693.0,298.0,41.1612643674016,-122.29570241644979,41.190815940499306,-122.3786570224911,2867,gpx/2025-07-28-14-51-46.gpx
2025-07-29-06-02-49.fit,HIKING,2005-07-30T06:02:49-07:00,15601.76953125,13045.7158203125,106,127,40,,,990.0,96.0,41.19069658219814,-122.37926127389073,41.1889130808413,-122.4535580445081,2707,gpx/2025-07-29-06-02-49.gpx
2025-07-29-12-01-35.fit,HIKING,2005-07-30T12:01:35-07:00,29917.009765625,22804.087890625,105,133,43,,,689.0,591.0,41.18905792012811,-122.45394570752978,41.34304496459663,-122.53716073930264,4326,gpx/2025-07-29-12-01-35.gpx
2025-07-30-06-51-54.fit,HIKING,2005-07-31T06:51:54-07:00,40570.48828125,30180.0546875,99,143,43,,,749.0,882.0,41.34303331375122,-122.53740666434169,41.23716845177114,-122.73324128240347,5574,gpx/2025-07-30-06-51-54.gpx
2025-07-31-08-07-04.fit,HIKING,2005-08-01T08:07:04-07:00,23801.970703125,17707.94140625,106,152,43,,,718.0,788.0,41.23709427192807,-122.7333520911634,41.21981967240572,-122.89836863055825,3863,gpx/2025-07-31-08-07-04.gpx
2025-08-01-10-40-30.fit,HIKING,2005-08-02T10:40:30-07:00,22310.0390625,16681.185546875,109,138,38,,,671.0,614.0,41.39597752131522,-122.99678751267493,41.496828496456146,-123.1051984615624,3492,gpx/2025-08-01-10-40-30.gpx
2025-08-02-06-49-12.fit,HIKING,2005-08-03T06:49:12-07:00,44683.48828125,34479.08984375,110,158,42,,,1480.0,2398.0,41.49702815338969,-123.10541857033968,41.72011082991958,-123.24227962642908,8488,gpx/2025-08-02-06-49-12.gpx
2025-08-03-06-02-41.fit,HIKING,2005-08-04T06:02:41-07:00,22847.189453125,15996.7919921875,94,122,50,,,268.0,844.0,41.72105588950217,-123.24206320568919,41.842176569625735,-123.19629315286875,3155,gpx/2025-08-03-06-02-41.gpx
2025-08-03-15-15-31.fit,HIKING,2005-08-04T15:15:31-07:00,19654.169921875,14339.412109375,109,129,38,,,1043.0,9.0,41.842421907931566,-123.19685222581029,41.94180521182716,-123.14520603977144,2972,gpx/2025-08-03-15-15-31.gpx
2025-08-04-11-59-35.fit,HIKING,2005-08-05T11:59:35-07:00,28001.119140625,21152.361328125,105,140,44,,,893.0,1006.0,41.93104041740298,-123.0006486363709,42.05051204189658,-122.85573709756136,4701,gpx/2025-08-04-11-59-35.gpx
2025-08-05-06-12-43.fit,HIKING,2005-08-06T06:12:43-07:00,32531.509765625,21829.73046875,104,140,53,,,840.0,1550.0,42.050551353022456,-122.8558196593076,42.07376956008375,-122.60757417418063,5087,gpx/2025-08-05-06-12-43.gpx
2025-08-09-10-28-26.fit,CYCLING,2005-08-10T07:28:26-07:00,48531.140625,6862.3388671875,129,176,,,,483.0,480.0,42.67490222118795,-73.36784016340971,42.67471362836659,-73.36830804124475,2143,gpx/2025-08-09-10-28-26.gpx
2025-08-10-09-35-21.fit,CYCLING,2005-08-11T06:35:21-07:00,45002.05859375,6727.65380859375,121,159,,,,535.0,612.0,42.67385515384376,-73.36826822720468,42.70952115766704,-73.2047554012388,2100,gpx/2025-08-10-09-35-21.gpx
2025-08-17-13-26-21.fit,HIKING,2005-08-18T13:26:21-07:00,20093.640625,15092.474609375,125,162,45,,,781.0,512.0,42.05825264565647,-122.60241955518723,42.093004267662764,-122.47754252515733,3392,gpx/2025-08-17-13-26-21.gpx
2025-08-18-06-55-12.fit,HIKING,2005-08-19T06:55:12-07:00,50509.0390625,35362.33203125,116,149,48,,,1311.0,1270.0,42.09305648691952,-122.47757110744715,42.313519567251205,-122.26456699892879,7378,gpx/2025-08-18-06-55-12.gpx
2025-08-19-07-17-18.fit,HIKING,2005-08-20T07:17:18-07:00,42270.37109375,32675.857421875,112,138,45,,,938.0,726.0,42.31347153894603,-122.26392578333616,42.548481496050954,-122.22950549796224,6376,gpx/2025-08-19-07-17-18.gpx
2025-08-20-07-23-17.fit,HIKING,2005-08-21T07:23:17-07:00,52732.53125,38564.703125,113,146,43,,,1389.0,1376.0,42.54876321181655,-122.22935361787677,42.86742380820215,-122.16811350546777,8195,gpx/2025-08-20-07-23-17.gpx
2025-08-21-10-20-39.fit,HIKING,2005-08-22T10:20:39-07:00,26306.900390625,19428.869140625,113,153,41,,,816.0,774.0,42.86820759996772,-122.16704917140305,43.014876153320074,-122.11541949771345,4205,gpx/2025-08-21-10-20-39.gpx
2025-08-22-06-37-15.fit,HIKING,2005-08-23T06:37:15-07:00,49916.578125,35174.6875,106,140,44,,,1096.0,1050.0,43.014999367296696,-122.11501364596188,43.30510659143329,-122.00230110436678,7021,gpx/2025-08-22-06-37-15.gpx
2025-08-23-06-14-51.fit,HIKING,2005-08-24T06:14:51-07:00,43819.69921875,32116.7421875,102,138,45,,,696.0,1122.0,43.30543273128569,-122.0025088917464,43.58150546438992,-122.04051470384002,6268,gpx/2025-08-23-06-14-51.gpx
2025-08-24-10-27-47.fit,HIKING,2005-08-25T10:27:47-07:00,40539.30078125,29222.037109375,104,137,42,,,1064.0,852.0,43.58147948049009,-122.04246257431805,43.805743334814906,-121.9629277009517,6135,gpx/2025-08-24-10-27-47.gpx
2025-08-25-06-26-55.fit,HIKING,2005-08-26T06:26:55-07:00,45496.08984375,33435.578125,100,131,43,,,991.0,871.0,43.805575193837285,-121.96268890053034,44.04043955728412,-121.8269916716963,6663,gpx/2025-08-25-06-26-55.gpx
2025-08-26-07-29-15.fit,HIKING,2005-08-27T07:29:15-07:00,40108.28125,30573.92578125,102,140,41,,,1070.0,1266.0,44.04068648815155,-121.82668992318213,44.26064506173134,-121.80259672924876,6440,gpx/2025-08-26-07-29-15.gpx
2025-08-28-12-10-26.fit,HIKING,2005-08-29T12:10:26-07:00,29267.0703125,22096.015625,107,136,41,,,732.0,756.0,44.26046300679445,-121.80919119156897,44.435434648767114,-121.853490723297,4466,gpx/2025-08-28-12-10-26.gpx
2025-08-29-07-28-57.fit,HIKING,2005-08-30T07:28:57-07:00,49223.921875,37600.14453125,108,142,40,,,1515.0,1376.0,44.435305735096335,-121.85349139384925,44.701312808319926,-121.8269657716155,7882,gpx/2025-08-29-07-28-57.gpx
2025-08-30-07-07-33.fit,HIKING,2005-08-31T07:07:33-07:00,53520.19921875,39677.4296875,102,136,45,,,1184.0,1832.0,44.701229240745306,-121.82684565894306,45.00060743652284,-121.7169333435595,8341,gpx/2025-08-30-07-07-33.gpx
2025-08-31-07-57-11.fit,HIKING,2005-09-01T07:57:11-07:00,34698.328125,25147.763671875,101,140,41,,,813.0,634.0,45.00123004429042,-121.7169475927949,45.228994600474834,-121.70098836533725,5030,gpx/2025-08-31-07-57-11.gpx
2025-09-01-11-24-45.fit,HIKING,2005-09-02T11:24:45-07:00,32910.76953125,22794.802734375,108,152,47,,,1199.0,1402.0,45.22961921989918,-121.69981573708355,45.37872833199799,-121.78397314622998,5658,gpx/2025-09-01-11-24-45.gpx
2025-09-02-07-09-16.fit,HIKING,2005-09-03T07:09:16-07:00,44802.1015625,33026.94921875,103,142,47,,,1241.0,1951.0,45.378600005060434,-121.7837773449719,45.594606678932905,-121.867994684726,7563,gpx/2025-09-02-07-09-16.gpx
2025-09-03-06-50-41.fit,HIKING,2005-09-04T06:50:41-07:00,12889.9404296875,9452.6162109375,90,114,50,,,160.0,398.0,45.59458304196596,-121.86828930862248,45.665078703314066,-121.89573367126286,1779,gpx/2025-09-03-06-50-41.gpx
2025-09-04-09-37-44.fit,HIKING,2005-09-05T09:37:44-07:00,32489.83984375,24870.869140625,112,148,44,,,1507.0,1102.0,45.66247997805476,-121.89764122478664,45.76892872340977,-122.02446361072361,5985,gpx/2025-09-04-09-37-44.gpx
2025-09-05-07-24-50.fit,HIKING,2005-09-06T07:24:50-07:00,41359.51171875,31866.25,104,142,44,,,1879.0,1236.0,45.7692451402545,-122.02438683249056,45.866538835689425,-121.78736605681479,7389,gpx/2025-09-05-07-24-50.gpx
2025-09-06-07-24-35.fit,HIKING,2005-09-07T07:24:35-07:00,48848.76171875,35825.02734375,100,129,45,,,1170.0,1252.0,45.866712341085076,-121.78772061131895,46.133345207199454,-121.68444667942822,7641,gpx/2025-09-06-07-24-35.gpx
2025-09-07-06-49-20.fit,HIKING,2005-09-08T06:49:20-07:00,28696.009765625,22410.015625,106,139,38,,,1384.0,551.0,46.133239259943366,-121.68372860178351,46.23826324939728,-121.54723165556788,4998,gpx/2025-09-07-06-49-20.gpx
2025-09-08-07-46-14.fit,HIKING,2005-09-09T07:46:14-07:00,36528.83984375,27080.501953125,95,130,44,,,718.0,1052.0,46.23829551972449,-121.54660644941032,46.411145282909274,-121.40295202843845,5519,gpx/2025-09-08-07-46-14.gpx
2025-09-09-07-55-49.fit,HIKING,2005-09-10T07:55:49-07:00,37558.94921875,33878.30078125,106,147,35,,,1772.0,1608.0,46.411161962896585,-121.40295077115297,46.57496874220669,-121.39397920109332,8000,gpx/2025-09-09-07-55-49.gpx
2025-09-10-06-21-12.fit,HIKING,2005-09-11T06:21:12-07:00,13523.3896484375,9866.4345703125,101,140,45,,,393.0,698.0,46.575318686664104,-121.39452947303653,46.64382616057992,-121.38018527068198,2296,gpx/2025-09-10-06-21-12.gpx
2025-09-10-13-58-10.fit,HIKING,2005-09-11T13:58:10-07:00,16648.73046875,13304.1298828125,106,136,37,,,683.0,425.0,46.875575138255954,-121.51833169162273,46.96288070641458,-121.45234188996255,2763,gpx/2025-09-10-13-58-10.gpx
2025-09-11-07-25-02.fit,HIKING,2005-09-12T07:25:02-07:00,40186.328125,29927.8046875,97,153,45,,,1061.0,1431.0,46.963808415457606,-121.45190812647343,47.16070510447025,-121.30505106411874,6367,gpx/2025-09-11-07-25-02.gpx
2025-09-12-07-22-43.fit,HIKING,2005-09-13T07:22:43-07:00,18075.919921875,13784.330078125,97,132,51,,,741.0,862.0,47.16143156401813,-121.3052758667618,47.24531773477793,-121.34522854350507,3422,gpx/2025-09-12-07-22-43.gpx
2025-09-12-13-38-57.fit,HIKING,2005-09-13T13:38:57-07:00,21648.19921875,17968.16015625,104,143,41,,,842.0,964.0,47.24556885659695,-121.34329224005342,47.344469111412764,-121.43658651039004,4232,gpx/2025-09-12-13-38-57.gpx
2025-09-13-06-07-18.fit,HIKING,2005-09-14T06:07:18-07:00,14016.75,12089.3427734375,92,124,44,,,339.0,711.0,47.3446037247777,-121.43654401414096,47.42482926696539,-121.41478668898344,2685,gpx/2025-09-13-06-07-18.gpx
2025-09-13-15-00-16.fit,HIKING,2005-09-14T15:00:16-07:00,12462.2900390625,10810.2890625,115,135,34,,,878.0,170.0,47.42389367893338,-121.41407414339483,47.461211923509836,-121.36639804579318,2491,gpx/2025-09-13-15-00-16.gpx
2025-09-14-07-03-51.fit,HIKING,2005-09-15T07:03:51-07:00,45551.5703125,38472.9375,99,134,46,,,1650.0,2358.0,47.461532866582274,-121.36665981262922,47.51680967397988,-121.20783154852688,9242,gpx/2025-09-14-07-03-51.gpx
2025-09-15-08-02-08.fit,HIKING,2005-09-16T08:02:08-07:00,37363.8984375,32107.107421875,100,131,43,,,1713.0,1169.0,47.51686784438789,-121.20735914446414,47.65815496444702,-121.14145274274051,7308,gpx/2025-09-15-08-02-08.gpx
2025-09-16-07-10-47.fit,HIKING,2005-09-17T07:10:47-07:00,7726.7099609375,6952.39208984375,88,108,43,,,31.0,783.0,47.65965348109603,-121.14008406177163,47.711267061531544,-121.15457930602133,1810,gpx/2025-09-16-07-10-47.gpx
2025-09-16-11-46-21.fit,HIKING,2005-09-17T11:46:21-07:00,27433.400390625,21663.19921875,106,146,44,,,1167.0,1117.0,47.74481470696628,-121.08946859836578,47.87347784265876,-121.15667670965195,5132,gpx/2025-09-16-11-46-21.gpx
2025-09-17-07-38-05.fit,HIKING,2005-09-18T07:38:05-07:00,33259.828125,27388.302734375,103,138,45,,,1554.0,1047.0,47.87313837558031,-121.15701450034976,48.033780651167035,-121.1488320864737,6230,gpx/2025-09-17-07-38-05.gpx
2025-09-18-07-52-10.fit,HIKING,2005-09-19T07:52:10-07:00,30993.7890625,27950.646484375,102,149,43,,,1405.0,1620.0,48.0335699301213,-121.14878648892045,48.16776126623154,-121.15489287301898,6764,gpx/2025-09-18-07-52-10.gpx
2025-09-19-08-07-29.fit,HIKING,2005-09-20T08:07:29-07:00,37408.8515625,31398.87109375,102,131,49,,,1221.0,1893.0,48.16802286542952,-121.15477669984102,48.18695733323693,-121.0290739685297,8052,gpx/2025-09-19-08-07-29.gpx
2025-09-20-07-50-19.fit,HIKING,2005-09-21T07:50:19-07:00,43617.87109375,32073.083984375,107,147,51,,,1524.0,1888.0,48.18649901077151,-121.0292032174766,48.3800002746284,-120.83796238526702,7987,gpx/2025-09-20-07-50-19.gpx
2025-09-21-13-11-07.fit,HIKING,2005-09-22T13:11:07-07:00,18309.529296875,14621.34375,104,133,50,,,930.0,478.0,48.37997303344309,-120.83740658126771,48.463271548971534,-120.78300442546606,3538,gpx/2025-09-21-13-11-07.gpx
2025-09-22-07-52-36.fit,HIKING,2005-09-23T07:52:36-07:00,42589.25,33211.5859375,105,167,49,,,1542.0,1173.0,48.46408140845597,-120.78268708661199,48.64811162464321,-120.7077919319272,7266,gpx/2025-09-22-07-52-36.gpx
2025-09-23-07-45-43.fit,HIKING,2005-09-24T07:45:43-07:00,37849.1484375,29286.900390625,107,151,46,,,1531.0,1040.0,48.648255206644535,-120.70786309428513,48.82152800448239,-120.73414228856564,6114,gpx/2025-09-23-07-45-43.gpx
2025-09-24-06-36-09.fit,HIKING,2005-09-25T06:36:09-07:00,45063.6015625,33456.25390625,111,161,44,,,1877.0,1569.0,48.82390704005957,-120.73150768876076,48.91524757258594,-120.77105929143727,7625,gpx/2025-09-24-06-36-09.gpx
2025-09-25-07-44-41.fit,HIKING,2005-09-26T07:44:41-07:00,35593.328125,27802.501953125,102,142,44,,,1241.0,1431.0,48.91489561647177,-120.77037465758622,48.721426874399185,-120.67009859718382,5964,gpx/2025-09-25-07-44-41.gpx
