fileName,dateTaken,latitude,longitude
186ce32d-f307-42ca-b20b-6fbd568320fd.jpg,2025-05-20T17:10:21-07:00,34.309061111111106,-117.47048055555555
4230D44F-BBD5-406E-81D2-90E69EAB5C0E.jpg,2025-05-20T22:19:05.959-07:00,34.30600833333333,-117.4662
IMG_0142.jpg,2025-04-27T07:31:22.705-07:00,32.589730555555555,-116.46695833333334
IMG_0143.jpg,2025-04-27T07:31:24.262-07:00,32.589730555555555,-116.46695833333334
IMG_0144.jpg,2025-04-27T07:31:59.507-07:00,32.589713888888895,-116.46697222222222
IMG_0145.jpg,2025-04-27T07:32:01.23-07:00,32.589713888888895,-116.46697222222222
IMG_0146.jpg,2025-04-27T07:32:09.025-07:00,32.589725,-116.46698888888889
IMG_0147.jpg,2025-04-27T07:32:10.228-07:00,32.58971666666667,-116.46698888888889
IMG_0148.jpg,2025-04-27T07:32:14.333-07:00,32.58972222222222,-116.46698055555555
IMG_0149.jpg,2025-04-27T08:13:11.338-07:00,32.600875,-116.47040555555556
IMG_0150.jpg,2025-04-27T08:13:14.298-07:00,32.60086944444445,-116.47039722222222
IMG_0151.jpg,2025-04-27T09:19:03.292-07:00,32.607147222222224,-116.49924444444444
IMG_0152.jpg,2025-04-27T09:19:03.524-07:00,32.60723055555556,-116.49921388888889
IMG_0153.jpg,2025-04-27T09:19:04.523-07:00,32.60715833333334,-116.49921388888889
IMG_0154.jpg,2025-04-27T09:19:10.357-07:00,32.607086111111116,-116.4992
IMG_0155.jpg,2025-04-27T09:19:12.423-07:00,32.607086111111116,-116.49919166666666
IMG_0156.jpg,2025-04-27T16:55:31.812-07:00,32.677699999999994,-116.519775
IMG_0157.jpg,2025-04-27T16:55:32.202-07:00,32.67769722222222,-116.51976666666667
IMG_0161.jpg,2025-04-28T19:37:42.711-07:00,32.81790277777778,-116.41478055555557
IMG_0162.jpg,2025-04-28T19:37:43.331-07:00,32.817886111111115,-116.41475555555556
IMG_0164.jpg,2025-04-28T19:37:52.756-07:00,32.81790555555556,-116.41465833333334
IMG_0169.jpg,2025-04-29T10:08:16.013-07:00,32.86203888888889,-116.42005277777778
IMG_0170.jpg,2025-05-01T06:07:01.745-07:00,33.06620833333333,-116.48226944444444
IMG_0171.jpg,2025-05-01T06:07:07.482-07:00,33.06621111111111,-116.48228333333334
IMG_0173.jpg,2025-05-01T06:07:14.949-07:00,33.06622222222222,-116.48229166666667
IMG_0175.jpg,2025-05-01T19:50:51.808-07:00,33.079013888888895,-116.60327222222222
IMG_0176.jpg,2025-05-02T08:41:24.098-07:00,33.078158333333334,-116.60214166666665
IMG_0178.jpg,2025-05-02T08:41:51.257-07:00,33.07810555555556,-116.60213333333333
IMG_0180.jpg,2025-05-02T08:47:23.942-07:00,33.07811388888889,-116.60217222222222
IMG_0181.jpg,2025-05-02T08:48:33.237-07:00,33.07811388888889,-116.60219444444444
IMG_0184.jpg,2025-05-02T19:27:53.958-07:00,33.18092222222222,-116.55821944444445
IMG_0185.jpg,2025-05-02T19:28:03.721-07:00,33.18093888888889,-116.55821944444445
IMG_0186.jpg,2025-05-02T19:28:04.216-07:00,33.18093888888889,-116.55821944444445
IMG_0187.jpg,2025-05-02T19:28:05.213-07:00,33.18094166666666,-116.5582111111111
IMG_0188.jpg,2025-05-02T19:28:06.119-07:00,33.18093888888889,-116.5582111111111
IMG_0190.jpg,2025-05-02T19:28:49.829-07:00,33.18079722222222,-116.55831111111111
IMG_0191.jpg,2025-05-02T19:29:08.285-07:00,33.180794444444444,-116.55831944444444
IMG_0192.jpg,2025-05-02T19:30:11.257-07:00,33.18094722222222,-116.55822777777777
IMG_0193.jpg,2025-05-02T19:30:13.115-07:00,33.18094722222222,-116.55822777777777
IMG_0194.jpg,2025-05-02T19:30:13.699-07:00,33.18094722222222,-116.55822777777777
IMG_0195.jpg,2025-05-02T19:30:40.553-07:00,33.1809,-116.55825833333333
IMG_0196.jpg,2025-05-02T19:30:41.626-07:00,33.18091666666666,-116.55825833333333
IMG_0197.jpg,2025-05-02T19:30:42.247-07:00,33.18091666666666,-116.55825833333333
IMG_0198.jpg,2025-05-02T19:30:49.779-07:00,33.18092222222222,-116.55825833333333
IMG_0199.jpg,2025-05-02T19:30:52.154-07:00,33.18091944444444,-116.55826666666667
IMG_0200.jpg,2025-05-02T19:30:52.651-07:00,33.18092222222222,-116.55826666666667
IMG_0203.jpg,2025-05-02T19:31:24.387-07:00,33.18093888888889,-116.55823611111111
IMG_0204.jpg,2025-05-03T08:05:35.621-07:00,33.20892222222223,-116.57792777777777
IMG_0207.jpg,2025-05-03T08:05:56.639-07:00,33.20892777777778,-116.57798055555556
IMG_0208.jpg,2025-05-03T08:06:03.694-07:00,33.20892777777778,-116.57797222222221
IMG_0209.jpg,2025-05-03T10:03:44.839-07:00,33.22367222222223,-116.58943888888888
IMG_0210.jpg,2025-05-03T10:03:48.573-07:00,33.224108333333334,-116.59022499999999
IMG_0211.jpg,2025-05-03T10:03:54.23-07:00,33.224108333333334,-116.59018055555555
IMG_0213.jpg,2025-05-03T10:20:11.467-07:00,33.22911388888889,-116.59934166666666
IMG_0214.jpg,2025-05-03T10:20:15.19-07:00,33.229172222222225,-116.59928055555555
IMG_0215.jpg,2025-05-03T10:21:28.242-07:00,33.229755555555556,-116.598725
IMG_0216.jpg,2025-05-03T10:21:30.459-07:00,33.229675,-116.59877777777777
IMG_0219.jpg,2025-05-03T10:28:36.34-07:00,33.234494444444444,-116.59878611111111
IMG_0220.jpg,2025-05-03T10:28:46.171-07:00,33.23453611111111,-116.59873888888889
IMG_0222.jpg,2025-05-03T10:31:50.305-07:00,33.23645833333333,-116.59934166666666
IMG_0223.jpg,2025-05-03T10:31:52.371-07:00,33.23645,-116.59934166666666
IMG_0225.jpg,2025-05-03T11:26:02.342-07:00,33.25483055555556,-116.61156388888888
IMG_0226.jpg,2025-05-03T11:26:03.927-07:00,33.254825,-116.61156388888888
IMG_0227.jpg,2025-05-03T11:26:07.103-07:00,33.254825,-116.61156388888888
IMG_0228.jpg,2025-05-03T11:26:11.741-07:00,33.25483333333333,-116.61155833333332
IMG_0229.jpg,2025-05-03T11:26:16.771-07:00,33.254822222222224,-116.61158888888889
IMG_0230.jpg,2025-05-03T11:26:20.429-07:00,33.25483611111111,-116.61157222222222
IMG_0231.jpg,2025-05-03T11:32:04-07:00,33.25481111111111,-116.61150277777777
IMG_0232.jpg,2025-05-03T11:32:04.506-07:00,33.25479444444444,-116.61152777777777
IMG_0235.jpg,2025-05-03T11:45:58.402-07:00,33.25705,-116.61608888888888
IMG_0239.jpg,2025-05-03T16:42:57.678-07:00,33.27269444444445,-116.6490388888889
IMG_0241.jpg,2025-05-04T10:40:36.902-07:00,33.33820277777778,-116.63712222222223
IMG_0246.jpg,2025-05-05T07:52:22.852-07:00,33.42443333333333,-116.60710277777777
IMG_0247.jpg,2025-05-06T08:25:06.293-07:00,33.53798611111111,-116.58209166666666
IMG_0249.jpg,2025-05-06T08:25:11.143-07:00,33.53794166666666,-116.58204722222222
IMG_0255.jpg,2025-05-07T12:17:01.172-07:00,33.56321388888889,-116.57703333333333
IMG_0256.jpg,2025-05-07T12:17:01.781-07:00,33.56320833333333,-116.57705
IMG_0258.jpg,2025-05-07T13:28:26.625-07:00,33.588,-116.57040277777777
IMG_0259.jpg,2025-05-07T16:30:00.728-07:00,33.64371944444444,-116.56930555555556
IMG_0260.jpg,2025-05-07T16:43:44.689-07:00,33.64966111111111,-116.56667222222222
IMG_0261.jpg,2025-05-07T16:43:50.797-07:00,33.64968611111111,-116.56668055555555
IMG_0262.jpg,2025-05-07T16:43:52.824-07:00,33.64968888888889,-116.56667222222222
IMG_0263.jpg,2025-05-07T16:43:53.31-07:00,33.64968888888889,-116.56667222222222
IMG_0264.jpg,2025-05-07T16:47:42.018-07:00,33.6516,-116.5682361111111
IMG_0265.jpg,2025-05-08T09:33:34.155-07:00,33.69008611111111,-116.60956666666667
IMG_0266.jpg,2025-05-08T09:59:23.451-07:00,33.69911666666666,-116.61568333333332
IMG_0268.jpg,2025-05-08T13:04:40.878-07:00,33.72569722222222,-116.62899722222221
IMG_0269.jpg,2025-05-08T13:04:45.131-07:00,33.72589166666667,-116.6291111111111
IMG_0271.jpg,2025-05-08T14:20:40.398-07:00,33.73596111111111,-116.64376944444444
IMG_0272.jpg,2025-05-08T15:59:55.491-07:00,33.75989166666667,-116.64681111111112
IMG_0273.jpg,2025-05-08T15:59:55.895-07:00,33.7599,-116.64681111111112
IMG_0274.jpg,2025-05-08T16:00:07.702-07:00,33.759902777777775,-116.64681944444445
IMG_0276.jpg,2025-05-08T16:00:33.121-07:00,33.75991111111111,-116.64683611111111
IMG_0277.jpg,2025-05-08T16:00:40.05-07:00,33.759905555555555,-116.64682777777779
IMG_0278.jpg,2025-05-08T16:02:01.03-07:00,33.760130555555556,-116.64645277777778
IMG_0280.jpg,2025-05-08T16:03:43.141-07:00,33.760197222222224,-116.646325
IMG_0281.jpg,2025-05-08T16:03:45.755-07:00,33.760197222222224,-116.646325
IMG_0282.jpg,2025-05-08T16:27:23.781-07:00,33.76264166666667,-116.6464
IMG_0283.jpg,2025-05-08T16:27:42.792-07:00,33.76273333333334,-116.64656111111111
IMG_0285.jpg,2025-05-09T11:23:54.306-07:00,33.814255555555555,-116.678475
IMG_0286.jpg,2025-05-09T11:24:00.793-07:00,33.814280555555555,-116.67833055555556
IMG_0288.jpg,2025-05-09T11:35:56.852-07:00,33.81214166666666,-116.67900833333334
IMG_0289.jpg,2025-05-09T11:36:01.005-07:00,33.81218611111111,-116.67893333333333
IMG_0290.jpg,2025-05-09T11:36:06.754-07:00,33.812225,-116.67894722222222
IMG_0292.jpg,2025-05-09T11:36:43.019-07:00,33.812225,-116.67897777777779
IMG_0293.jpg,2025-05-09T11:37:10.596-07:00,33.81220555555555,-116.67893333333333
IMG_0294.jpg,2025-05-09T11:37:12.91-07:00,33.81220555555555,-116.67894722222222
IMG_0296.jpg,2025-05-09T12:21:52.048-07:00,33.81213888888889,-116.68786666666666
IMG_0298.jpg,2025-05-10T06:37:13.977-07:00,33.85332777777778,-116.73580833333334
IMG_0299.jpg,2025-05-10T06:37:16.353-07:00,33.85380555555556,-116.73529722222223
IMG_0301.jpg,2025-05-10T13:02:49.784-07:00,33.91373333333333,-116.66775555555556
IMG_0302.jpg,2025-05-10T13:37:02.185-07:00,33.92140277777778,-116.80367222222222
IMG_0305.jpg,2025-05-11T06:22:32.761-07:00,33.94958888888888,-116.68489722222223
IMG_0306.jpg,2025-05-11T06:25:34.921-07:00,33.94967777777777,-116.68469166666667
IMG_0307.jpg,2025-05-11T06:26:06.193-07:00,33.94976388888889,-116.6843638888889
IMG_0308.jpg,2025-05-11T06:26:06.844-07:00,33.94977222222222,-116.6843638888889
IMG_0309.jpg,2025-05-11T08:53:11.906-07:00,33.99033611111111,-116.66478055555557
IMG_0310.jpg,2025-05-11T08:53:13.447-07:00,33.990341666666666,-116.66478055555557
IMG_0311.jpg,2025-05-11T09:00:12.472-07:00,33.99208055555555,-116.66447500000001
IMG_0313.jpg,2025-05-11T09:00:24.646-07:00,33.992111111111114,-116.66446666666667
IMG_0316.jpg,2025-05-11T09:00:33.185-07:00,33.9921,-116.66445277777778
IMG_0317.jpg,2025-05-11T09:47:11.141-07:00,34.01331666666667,-116.66973055555556
IMG_0319.jpg,2025-05-13T09:42:42.818-07:00,34.142627777777776,-116.72767777777779
IMG_0320.jpg,2025-05-13T09:42:44.272-07:00,34.14261111111111,-116.72766944444444
IMG_0321.jpg,2025-05-13T09:42:46.277-07:00,34.14259722222222,-116.72766111111112
IMG_0322.jpg,2025-05-13T09:42:48.689-07:00,34.1426,-116.72764722222223
IMG_0324.jpg,2025-05-13T09:42:50.901-07:00,34.1426,-116.72764722222223
IMG_0325.jpg,2025-05-13T10:28:40.531-07:00,34.14915833333333,-116.71056388888888
IMG_0326.jpg,2025-05-13T10:28:45.586-07:00,34.14915555555555,-116.71054722222223
IMG_0327.jpg,2025-05-13T12:23:37.646-07:00,34.18233055555555,-116.71059444444445
IMG_0329.jpg,2025-05-13T12:23:47.168-07:00,34.18237222222222,-116.71063333333333
IMG_0330.jpg,2025-05-13T13:05:15.833-07:00,34.20124444444445,-116.71679722222223
IMG_0332.jpg,2025-05-13T13:05:18.733-07:00,34.201255555555555,-116.71679722222223
IMG_0333.jpg,2025-05-13T13:08:10.28-07:00,34.20274722222222,-116.71762777777778
IMG_0334.jpg,2025-05-13T13:08:16.118-07:00,34.20279444444445,-116.71770555555555
IMG_0336.jpg,2025-05-13T16:35:46.842-07:00,34.24239722222222,-116.75461666666666
IMG_0337.jpg,2025-05-13T16:36:01.943-07:00,34.242622222222224,-116.75457777777778
IMG_0339.jpg,2025-05-13T20:18:09.552-07:00,34.24037222222222,-116.91351944444445
IMG_0341.jpg,2025-05-13T20:18:14.146-07:00,34.24035555555556,-116.91354444444445
IMG_0342.jpg,2025-05-13T20:19:07.709-07:00,34.240455555555556,-116.91324722222222
IMG_0344.jpg,2025-05-14T18:41:27.293-07:00,34.24033333333333,-116.91346666666668
IMG_0346.jpg,2025-05-14T18:41:32.887-07:00,34.240433333333335,-116.91348333333335
IMG_0348.jpg,2025-05-15T12:44:53.698-07:00,34.236441666666664,-116.88921388888889
IMG_0350.jpg,2025-05-15T17:28:35.485-07:00,34.236602777777776,-116.88899166666667
IMG_0353.jpg,2025-05-16T10:30:18.409-07:00,34.293441666666666,-116.8518
IMG_0354.jpg,2025-05-16T10:30:18.774-07:00,34.293441666666666,-116.8518
IMG_0355.jpg,2025-05-16T11:30:53.261-07:00,34.28895833333333,-116.88313333333333
IMG_0356.jpg,2025-05-16T11:31:04.363-07:00,34.28898611111111,-116.883225
IMG_0357.jpg,2025-05-16T11:31:05.199-07:00,34.28898611111111,-116.883225
IMG_0358.jpg,2025-05-16T12:56:58.788-07:00,34.281105555555555,-116.90869166666667
IMG_0359.jpg,2025-05-16T12:57:01.724-07:00,34.28108888888889,-116.908675
IMG_0360.jpg,2025-05-16T12:57:15.457-07:00,34.281075,-116.90865277777779
IMG_0361.jpg,2025-05-16T13:01:53.759-07:00,34.280924999999996,-116.91194166666668
IMG_0362.jpg,2025-05-16T13:02:02.414-07:00,34.28089166666667,-116.91195
IMG_0363.jpg,2025-05-16T14:35:42.308-07:00,34.30421944444444,-116.95411666666666
IMG_0364.jpg,2025-05-16T14:35:46.89-07:00,34.304249999999996,-116.95411666666666
IMG_0365.jpg,2025-05-16T14:35:52.335-07:00,34.30424166666666,-116.954125
IMG_0366.jpg,2025-05-16T15:21:08.867-07:00,34.30074722222222,-116.96676666666667
IMG_0367.jpg,2025-05-16T15:21:12.451-07:00,34.29995833333333,-116.96743888888889
IMG_0368.jpg,2025-05-16T15:21:23.419-07:00,34.29998333333333,-116.96737777777778
IMG_0369.jpg,2025-05-16T15:21:24.602-07:00,34.29998333333333,-116.96737777777778
IMG_0370.jpg,2025-05-17T12:05:08.305-07:00,34.2893,-117.12898333333332
IMG_0371.jpg,2025-05-17T12:05:15.837-07:00,34.28928055555556,-117.12892777777778
IMG_0372.jpg,2025-05-17T12:05:17.557-07:00,34.28926111111111,-117.12892222222222
IMG_0375.jpg,2025-05-18T07:23:26.68-07:00,34.33903611111111,-117.1774
IMG_0377.jpg,2025-05-18T08:03:43.482-07:00,34.34410833333334,-117.19537222222223
IMG_0380.jpg,2025-05-18T14:25:20.267-07:00,34.30772777777778,-117.31205
IMG_0381.jpg,2025-05-18T14:25:21.342-07:00,34.30772777777778,-117.31205
IMG_0382.jpg,2025-05-19T10:57:09.039-07:00,34.317263888888895,-117.43641666666667
IMG_0383.jpg,2025-05-19T10:57:09.412-07:00,34.31729166666667,-117.43625
IMG_0386.jpg,2025-05-19T15:39:47.578-07:00,34.295880555555556,-117.46917777777777
IMG_0387.jpg,2025-05-19T15:39:49.132-07:00,34.29593611111111,-117.46933611111112
IMG_0388.jpg,2025-05-19T15:39:50.245-07:00,34.29595277777778,-117.46933611111112
IMG_0389.jpg,2025-05-19T15:43:01.165-07:00,34.29613888888889,-117.47098611111112
IMG_0390.jpg,2025-05-19T15:43:11.809-07:00,34.296275,-117.47108333333334
IMG_0391.jpg,2025-05-19T15:43:12.339-07:00,34.29627222222222,-117.47108333333334
IMG_0392.jpg,2025-05-19T15:43:28.487-07:00,34.296280555555555,-117.47109166666667
IMG_0393.jpg,2025-05-19T15:43:30.889-07:00,34.296280555555555,-117.47110833333333
IMG_0394.jpg,2025-05-19T15:43:35.342-07:00,34.29628333333333,-117.47110833333333
IMG_0395.jpg,2025-05-19T15:43:50.461-07:00,34.296275,-117.47109166666667
IMG_0396.jpg,2025-05-19T15:43:55.66-07:00,34.29626388888889,-117.4711
IMG_0397.jpg,2025-05-19T16:08:28.159-07:00,34.29042777777778,-117.47848611111111
IMG_0398.jpg,2025-05-19T16:08:46.965-07:00,34.29042777777778,-117.47846944444444
IMG_0399.jpg,2025-05-19T16:08:56.888-07:00,34.290438888888886,-117.47843888888889
IMG_0400.jpg,2025-05-19T16:09:05.219-07:00,34.29044444444444,-117.47845555555556
IMG_0401.jpg,2025-05-19T19:42:21.911-07:00,34.29676944444444,-117.50729444444444
IMG_0402.jpg,2025-05-19T19:42:32.011-07:00,34.296875,-117.50709444444445
IMG_0403.jpg,2025-05-19T19:42:53.944-07:00,34.29683611111111,-117.50710277777777
IMG_0404.jpg,2025-05-19T19:43:09.376-07:00,34.29683333333333,-117.50705
IMG_0405.jpg,2025-05-19T19:43:10.346-07:00,34.296866666666666,-117.50710277777777
IMG_0406.jpg,2025-05-19T19:43:16.418-07:00,34.29685277777778,-117.50709444444445
IMG_0407.jpg,2025-05-19T19:43:17.27-07:00,34.29685277777778,-117.50709444444445
IMG_0408.jpg,2025-05-19T19:43:31.91-07:00,34.29685555555555,-117.50710277777777
IMG_0409.jpg,2025-05-19T19:43:33.166-07:00,34.29693333333333,-117.50717222222222
IMG_0414.jpg,2025-05-20T21:51:20.85-07:00,34.309083333333334,-117.47061666666667
IMG_0415.jpg,2025-05-20T21:51:20.888-07:00,34.309083333333334,-117.47061666666667
IMG_0416.jpg,2025-05-20T21:51:20.925-07:00,34.31805833333333,-117.451725
IMG_0425.jpg,2025-05-21T08:18:14.307-07:00,34.35993333333334,-117.63644444444445
IMG_0426.jpg,2025-05-21T08:18:15.124-07:00,34.359925000000004,-117.63645833333334
IMG_0427.jpg,2025-05-21T08:18:46.132-07:00,34.359966666666665,-117.63636111111111
IMG_0428.jpg,2025-05-21T08:18:52.104-07:00,34.35998611111111,-117.63630555555557
IMG_0429.jpg,2025-05-21T08:22:00.331-07:00,34.36001666666667,-117.63619166666668
IMG_0430.jpg,2025-05-21T08:22:10.48-07:00,34.36,-117.63625277777778
IMG_0431.jpg,2025-05-21T19:32:36.765-07:00,34.345025,-117.83996666666667
IMG_0432.jpg,2025-05-21T19:32:37.641-07:00,34.345019444444446,-117.83997222222222
IMG_0433.jpg,2025-05-21T19:32:49.661-07:00,34.34500555555556,-117.8399111111111
IMG_0434.jpg,2025-05-21T19:32:50.428-07:00,34.34500555555556,-117.8399111111111
IMG_0435.jpg,2025-05-21T19:36:13.066-07:00,34.34503611111111,-117.8399361111111
IMG_0436.jpg,2025-05-21T19:36:13.835-07:00,34.34505,-117.83995
IMG_0437.jpg,2025-05-21T19:36:23.577-07:00,34.34500555555556,-117.83994166666666
IMG_0438.jpg,2025-05-21T19:38:55.972-07:00,34.344994444444445,-117.8399361111111
IMG_0439.jpg,2025-05-21T19:38:57.054-07:00,34.344994444444445,-117.8399361111111
IMG_0440.jpg,2025-05-21T19:39:11.237-07:00,34.344997222222226,-117.83991944444443
IMG_0441.jpg,2025-05-21T19:39:18.039-07:00,34.344997222222226,-117.8399361111111
IMG_0442.jpg,2025-05-21T19:43:34.307-07:00,34.34504444444445,-117.83995833333333
IMG_0443.jpg,2025-05-21T19:43:34.844-07:00,34.34503611111111,-117.83997222222222
IMG_0444.jpg,2025-05-21T19:44:24.079-07:00,34.34500555555556,-117.83995
IMG_0445.jpg,2025-05-21T19:44:24.929-07:00,34.34500555555556,-117.83995
IMG_0446.jpg,2025-05-21T19:44:26.434-07:00,34.34500555555556,-117.83997222222222
IMG_0447.jpg,2025-05-21T19:44:28.571-07:00,34.345,-117.83997222222222
IMG_0448.jpg,2025-05-21T19:44:38.435-07:00,34.34500833333333,-117.83997222222222
IMG_0449.jpg,2025-05-21T19:48:04.843-07:00,34.345058333333334,-117.8399111111111
IMG_0450.jpg,2025-05-21T19:49:53.724-07:00,34.34498888888889,-117.83996666666667
IMG_0451.jpg,2025-05-21T19:49:54.272-07:00,34.345,-117.83996666666667
IMG_0452.jpg,2025-05-21T19:50:10.343-07:00,34.34500555555556,-117.83998055555556
IMG_0453.jpg,2025-05-21T19:50:10.817-07:00,34.34500555555556,-117.83997222222222
IMG_0454.jpg,2025-05-21T19:50:17.678-07:00,34.344997222222226,-117.83998055555556
IMG_0455.jpg,2025-05-21T19:50:18.517-07:00,34.345,-117.83998055555556
IMG_0456.jpg,2025-05-21T19:50:32.404-07:00,34.34503611111111,-117.83998055555556
IMG_0457.jpg,2025-05-21T19:50:34.019-07:00,34.345038888888894,-117.83998055555556
IMG_0460.jpg,2025-05-21T19:53:21.155-07:00,34.34493333333334,-117.84000277777777
IMG_0461.jpg,2025-05-21T19:53:21.927-07:00,34.34493333333334,-117.84000277777777
IMG_0462.jpg,2025-05-22T10:35:07.421-07:00,34.352402777777776,-117.89625555555556
IMG_0463.jpg,2025-05-22T10:35:11.258-07:00,34.351841666666665,-117.896775
IMG_0464.jpg,2025-05-22T13:00:23.835-07:00,34.365344444444446,-117.92402777777778
IMG_0465.jpg,2025-05-22T13:00:28.273-07:00,34.365341666666666,-117.92400277777779
IMG_0466.jpg,2025-05-22T13:00:29.244-07:00,34.365341666666666,-117.9239888888889
IMG_0467.jpg,2025-05-22T14:46:53.996-07:00,34.352386111111116,-117.94426666666666
IMG_0468.jpg,2025-05-22T14:46:57.451-07:00,34.35215,-117.94581666666667
IMG_0469.jpg,2025-05-22T15:09:04.142-07:00,34.34856666666667,-117.95008055555556
IMG_0470.jpg,2025-05-22T15:09:12.992-07:00,34.348555555555556,-117.95008055555556
IMG_0471.jpg,2025-05-22T20:25:56.123-07:00,34.367622222222224,-117.98950277777777
IMG_0472.jpg,2025-05-22T20:27:05.114-07:00,34.367691666666666,-117.98966111111112
IMG_0473.jpg,2025-05-23T08:06:17.104-07:00,34.39051944444444,-118.03041944444445
IMG_0474.jpg,2025-05-23T08:06:18.826-07:00,34.39051944444444,-118.0304111111111
IMG_0476.jpg,2025-05-23T08:07:48.927-07:00,34.389808333333335,-118.03015833333333
IMG_0477.jpg,2025-05-23T08:07:49.636-07:00,34.389808333333335,-118.03015833333333
IMG_0478.jpg,2025-05-23T08:08:02.528-07:00,34.389675,-118.03029722222222
IMG_0479.jpg,2025-05-23T16:45:33.129-07:00,34.380988888888886,-118.18215277777779
IMG_0480.jpg,2025-05-23T18:29:15.257-07:00,34.37979166666667,-118.1897888888889
IMG_0481.jpg,2025-05-23T18:29:15.969-07:00,34.37979166666667,-118.18979722222223
IMG_0482.jpg,2025-05-23T18:29:17.616-07:00,34.37979166666667,-118.1897888888889
IMG_0483.jpg,2025-05-23T18:29:20.235-07:00,34.37979166666667,-118.1897888888889
IMG_0484.jpg,2025-05-23T18:29:36.553-07:00,34.379891666666666,-118.18965833333334
IMG_0485.jpg,2025-05-23T20:13:09.925-07:00,34.37981111111111,-118.189925
IMG_0486.jpg,2025-05-23T20:13:10.882-07:00,34.37991666666667,-118.18994166666667
IMG_0487.jpg,2025-05-24T05:51:52.727-07:00,34.383202777777775,-118.19357222222223
IMG_0488.jpg,2025-05-24T05:51:53.582-07:00,34.383202777777775,-118.19357222222223
IMG_0489.jpg,2025-05-24T05:52:05.401-07:00,34.38319444444444,-118.19361111111111
IMG_0490.jpg,2025-05-24T05:52:05.776-07:00,34.38318888888889,-118.19361944444445
IMG_0491.jpg,2025-05-24T05:56:49.614-07:00,34.38417777777778,-118.19624444444445
IMG_0492.jpg,2025-05-24T05:56:51.223-07:00,34.384166666666665,-118.19622777777778
IMG_0493.jpg,2025-05-24T05:56:56.15-07:00,34.384230555555554,-118.196275
IMG_0494.jpg,2025-05-24T06:04:14.117-07:00,34.383297222222225,-118.19992777777779
IMG_0495.jpg,2025-05-24T06:04:14.737-07:00,34.383294444444445,-118.19993611111111
IMG_0496.jpg,2025-05-24T06:04:16.588-07:00,34.383297222222225,-118.19990555555556
IMG_0498.jpg,2025-05-24T16:06:35.198-07:00,34.475430555555555,-118.30507777777777
IMG_0499.jpg,2025-05-24T16:06:35.652-07:00,34.475430555555555,-118.30507777777777
IMG_0500.jpg,2025-05-24T16:14:40.615-07:00,34.47661111111111,-118.30648055555555
IMG_0501.jpg,2025-05-24T16:14:41.175-07:00,34.477183333333336,-118.30829722222222
IMG_0502.jpg,2025-05-24T16:16:30.62-07:00,34.477405555555556,-118.3095861111111
IMG_0503.jpg,2025-05-24T16:16:32.489-07:00,34.477444444444444,-118.30949444444444
IMG_0504.jpg,2025-05-24T18:14:36.689-07:00,34.49476111111111,-118.32674444444444
IMG_0506.jpg,2025-05-25T17:42:51.561-07:00,34.58806666666667,-118.32494444444444
IMG_0507.jpg,2025-05-25T17:42:52.229-07:00,34.58806666666667,-118.32494444444444
IMG_0508.jpg,2025-05-25T18:27:49.451-07:00,34.58873611111111,-118.33563333333333
IMG_0509.jpg,2025-05-25T18:27:53.376-07:00,34.588597222222226,-118.33574722222222
IMG_0510.jpg,2025-05-25T18:37:18.977-07:00,34.59147777777778,-118.33749444444445
IMG_0511.jpg,2025-05-25T20:01:49.442-07:00,34.597125000000005,-118.33825
IMG_0512.jpg,2025-05-26T13:20:04.419-07:00,34.647038888888886,-118.43891944444445
IMG_0513.jpg,2025-05-26T13:20:05.419-07:00,34.64705277777778,-118.43891111111111
IMG_0514.jpg,2025-05-27T06:57:04.764-07:00,34.68175833333333,-118.49420277777777
IMG_0515.jpg,2025-05-27T06:57:05.968-07:00,34.681777777777775,-118.49417777777778
IMG_0516.jpg,2025-05-27T11:50:07.841-07:00,34.70921388888889,-118.5922611111111
IMG_0517.jpg,2025-05-27T11:50:08.748-07:00,34.70928888888889,-118.59227777777777
IMG_0518.jpg,2025-05-27T11:50:21.473-07:00,34.70928888888889,-118.59223055555555
IMG_0520.jpg,2025-05-27T13:57:46.352-07:00,34.70386944444445,-118.61813333333333
IMG_0521.jpg,2025-05-27T13:57:58.376-07:00,34.703900000000004,-118.618225
IMG_0522.jpg,2025-05-27T13:57:58.84-07:00,34.703900000000004,-118.618225
IMG_0523.jpg,2025-05-27T13:58:00.636-07:00,34.703900000000004,-118.61821666666665
IMG_0524.jpg,2025-05-27T15:56:28.348-07:00,34.71465555555556,-118.64569722222222
IMG_0526.jpg,2025-05-28T08:48:59.023-07:00,34.76750277777778,-118.60779444444444
IMG_0527.jpg,2025-05-28T08:49:11.56-07:00,34.76768055555556,-118.6078111111111
IMG_0528.jpg,2025-05-28T08:49:12.236-07:00,34.76768055555556,-118.6078111111111
IMG_0529.jpg,2025-05-28T08:49:29.86-07:00,34.767833333333336,-118.6078111111111
IMG_0530.jpg,2025-05-28T08:49:30.483-07:00,34.767833333333336,-118.6078111111111
IMG_0532.jpg,2025-05-28T16:11:07.411-07:00,34.776088888888886,-118.60613888888888
IMG_0533.jpg,2025-05-28T16:11:07.915-07:00,34.776088888888886,-118.60613888888888
IMG_0534.jpg,2025-05-28T16:54:35.984-07:00,34.788444444444444,-118.58689166666666
IMG_0535.jpg,2025-05-28T16:54:36.566-07:00,34.788444444444444,-118.58689166666666
IMG_0536.jpg,2025-05-28T16:54:41.092-07:00,34.78845555555555,-118.5868611111111
IMG_0537.jpg,2025-05-28T16:54:41.926-07:00,34.78845277777778,-118.5868611111111
IMG_0538.jpg,2025-05-28T16:54:46.782-07:00,34.78843611111111,-118.58685277777778
IMG_0539.jpg,2025-05-28T16:55:03.272-07:00,34.78847222222222,-118.5868611111111
IMG_0540.jpg,2025-05-28T16:55:05.717-07:00,34.788466666666665,-118.58686944444445
IMG_0541.jpg,2025-05-28T16:55:06.674-07:00,34.78845277777778,-118.5868611111111
IMG_0542.jpg,2025-05-28T16:55:11.221-07:00,34.78845277777778,-118.58685277777778
IMG_0543.jpg,2025-05-28T17:08:11.06-07:00,34.79823333333333,-118.58698333333332
IMG_0544.jpg,2025-05-28T17:08:13.421-07:00,34.79822222222222,-118.586975
IMG_0545.jpg,2025-05-28T18:58:57.138-07:00,34.81118333333333,-118.58743333333332
IMG_0546.jpg,2025-05-28T18:58:57.779-07:00,34.81118333333333,-118.58743333333332
IMG_0547.jpg,2025-05-28T19:13:42.745-07:00,34.82126111111111,-118.58771388888889
IMG_0548.jpg,2025-05-28T19:13:46.113-07:00,34.82116388888889,-118.58769166666666
IMG_0549.jpg,2025-05-28T19:14:14.594-07:00,34.821450000000006,-118.58769166666666
IMG_0550.jpg,2025-05-28T19:14:16.145-07:00,34.821450000000006,-118.58769166666666
IMG_0551.jpg,2025-05-28T19:37:56.407-07:00,34.83442222222222,-118.58611388888889
IMG_0552.jpg,2025-05-28T19:37:57.211-07:00,34.83439166666667,-118.58614999999999
IMG_0553.jpg,2025-05-28T19:48:10.708-07:00,34.83628055555556,-118.57971944444444
IMG_0554.jpg,2025-05-28T19:48:11.695-07:00,34.83628055555556,-118.57971944444444
IMG_0555.jpg,2025-05-28T19:48:19.981-07:00,34.83627777777778,-118.57971944444444
IMG_0556.jpg,2025-05-28T19:48:20.575-07:00,34.83627777777778,-118.57971111111111
IMG_0557.jpg,2025-05-28T19:53:25.782-07:00,34.836241666666666,-118.57972777777778
IMG_0558.jpg,2025-05-28T19:53:32.982-07:00,34.83631944444445,-118.57969722222222
IMG_0559.jpg,2025-05-28T20:01:27.879-07:00,34.83692222222223,-118.57498888888888
IMG_0560.jpg,2025-05-28T20:01:29.012-07:00,34.83691666666667,-118.574975
IMG_0561.jpg,2025-05-28T20:11:33.142-07:00,34.839150000000004,-118.56732222222222
IMG_0562.jpg,2025-05-28T20:11:33.876-07:00,34.839200000000005,-118.56690277777777
IMG_0563.jpg,2025-05-28T23:08:46.547-07:00,34.87244722222222,-118.44799722222223
IMG_0564.jpg,2025-05-28T23:08:53.279-07:00,34.87244722222222,-118.44799722222223
IMG_0565.jpg,2025-05-29T07:19:58.255-07:00,34.899230555555555,-118.4554888888889
IMG_0566.jpg,2025-05-29T07:19:59.067-07:00,34.899227777777774,-118.4554888888889
IMG_0567.jpg,2025-05-29T07:20:07.807-07:00,34.89929444444444,-118.4554888888889
IMG_0568.jpg,2025-05-29T07:55:21.522-07:00,34.91721666666666,-118.467225
IMG_0569.jpg,2025-05-29T07:55:22.057-07:00,34.91721666666666,-118.467225
IMG_0570.jpg,2025-05-29T07:55:23.769-07:00,34.91771388888888,-118.46729166666667
IMG_0571.jpg,2025-05-29T07:55:38.073-07:00,34.91791111111111,-118.46725555555555
IMG_0572.jpg,2025-05-29T07:55:38.634-07:00,34.91791666666666,-118.46725555555555
IMG_0573.jpg,2025-05-29T08:30:28.196-07:00,34.940619444444444,-118.47221388888889
IMG_0574.jpg,2025-05-29T08:30:29.021-07:00,34.940619444444444,-118.47221388888889
IMG_0575.jpg,2025-05-29T19:49:52.454-07:00,35.03534722222222,-118.38092777777777
IMG_0576.jpg,2025-05-29T19:49:53.568-07:00,35.03610277777778,-118.38120277777777
IMG_0577.jpg,2025-05-29T19:50:16.36-07:00,35.036427777777774,-118.38122499999999
IMG_0578.jpg,2025-05-29T19:50:17.097-07:00,35.036408333333334,-118.38121666666666
IMG_0580.jpg,2025-05-29T19:54:31.975-07:00,35.03748611111111,-118.37933333333332
IMG_0582.jpg,2025-05-29T20:20:46.393-07:00,35.043791666666664,-118.36701944444444
IMG_0583.jpg,2025-05-29T20:20:47.038-07:00,35.04380833333333,-118.36701944444444
IMG_0584.jpg,2025-05-30T05:35:06.898-07:00,35.05294166666666,-118.35405833333333
IMG_0585.jpg,2025-05-30T05:35:11.609-07:00,35.05361944444444,-118.35355277777778
IMG_0586.jpg,2025-05-30T05:35:12.421-07:00,35.05361944444444,-118.35355277777778
IMG_0587.jpg,2025-05-30T06:29:34.417-07:00,35.069386111111115,-118.32914722222222
IMG_0588.jpg,2025-05-30T06:29:35.097-07:00,35.069386111111115,-118.32914722222222
IMG_0589.jpg,2025-05-30T06:44:57.745-07:00,35.074897222222226,-118.32065555555555
IMG_0590.jpg,2025-05-30T06:44:58.598-07:00,35.07490555555556,-118.32064722222222
IMG_0594.jpg,2025-05-31T14:18:18.636-07:00,35.13238888888889,-118.44880555555557
IMG_0595.jpg,2025-05-31T14:18:19.961-07:00,35.13239166666667,-118.4488
IMG_0598.jpg,2025-05-31T20:02:04.043-07:00,35.11841944444444,-118.26419166666666
IMG_0599.jpg,2025-06-01T10:26:36.534-07:00,35.19497222222222,-118.23704444444445
IMG_0600.jpg,2025-06-01T10:26:41.587-07:00,35.19591944444444,-118.23685555555555
IMG_0601.jpg,2025-06-01T16:53:15.794-07:00,35.27951111111111,-118.25445555555555
IMG_0602.jpg,2025-06-01T16:53:16.874-07:00,35.27950555555555,-118.25444166666666
IMG_0603.jpg,2025-06-02T09:28:15.574-07:00,35.371522222222225,-118.29340277777777
IMG_0604.jpg,2025-06-02T09:28:27.011-07:00,35.372391666666665,-118.29330555555555
IMG_0605.jpg,2025-06-03T06:32:18.795-07:00,35.456855555555556,-118.25146388888889
IMG_0606.jpg,2025-06-03T06:32:19.447-07:00,35.45640277777778,-118.2511138888889
IMG_0607.jpg,2025-06-03T08:42:36.484-07:00,35.458308333333335,-118.1746888888889
IMG_0608.jpg,2025-06-03T08:42:36.979-07:00,35.458308333333335,-118.17469722222222
IMG_0609.jpg,2025-06-03T17:09:39.177-07:00,35.56789722222223,-118.12514444444444
IMG_0610.jpg,2025-06-03T17:09:41.183-07:00,35.56789722222223,-118.12514444444444
IMG_0611.jpg,2025-06-04T16:44:30.871-07:00,35.67771944444444,-118.01530555555556
IMG_0612.jpg,2025-06-04T16:44:34.32-07:00,35.677566666666664,-118.0140611111111
IMG_0613.jpg,2025-06-04T16:44:34.831-07:00,35.677566666666664,-118.0140611111111
IMG_0614.jpg,2025-06-04T17:09:11.634-07:00,35.68001666666667,-118.00728611111111
IMG_0618.jpg,2025-06-06T09:05:50.65-07:00,35.900505555555554,-118.12011666666666
IMG_0619.jpg,2025-06-06T13:19:02.813-07:00,35.98629722222222,-118.14633888888889
IMG_0620.jpg,2025-06-06T13:19:03.211-07:00,35.98629722222222,-118.14633888888889
IMG_0621.jpg,2025-06-06T14:30:44.462-07:00,36.020925,-118.1295
IMG_0622.jpg,2025-06-06T14:30:44.807-07:00,36.02093055555555,-118.12950833333333
IMG_0625.jpg,2025-06-07T16:25:33.449-07:00,36.01906666666667,-118.12351944444444
IMG_0626.jpg,2025-06-08T08:18:15.444-07:00,35.99015,-118.10018888888888
IMG_0627.jpg,2025-06-08T08:18:16.311-07:00,35.99014722222222,-118.10018888888888
IMG_0628.jpg,2025-06-08T08:18:20.095-07:00,35.99016944444445,-118.10018055555555
IMG_0629.jpg,2025-06-08T08:18:21.694-07:00,35.990186111111115,-118.10021944444443
IMG_0630.jpg,2025-06-08T15:39:04.489-07:00,36.019130555555556,-118.12350555555555
IMG_0631.jpg,2025-06-08T15:39:31.77-07:00,36.019127777777776,-118.1235111111111
IMG_0632.jpg,2025-06-08T15:46:05.144-07:00,36.019,-118.12338333333332
IMG_0633.jpg,2025-06-08T15:46:05.863-07:00,36.019,-118.12338333333332
IMG_0634.jpg,2025-06-08T15:57:53.109-07:00,36.01900833333333,-118.12341388888888
IMG_0635.jpg,2025-06-09T10:20:58.353-07:00,36.1464,-118.14528611111112
IMG_0636.jpg,2025-06-09T10:21:00.397-07:00,36.146411111111114,-118.14525555555556
IMG_0637.jpg,2025-06-09T10:21:08.684-07:00,36.146375,-118.14520277777778
IMG_0638.jpg,2025-06-09T17:36:16.029-07:00,36.23276944444444,-118.12152777777777
IMG_0639.jpg,2025-06-10T13:16:24.322-07:00,36.361805555555556,-118.12751666666666
IMG_0640.jpg,2025-06-10T13:16:24.865-07:00,36.361805555555556,-118.12751666666666
IMG_0641.jpg,2025-06-10T13:16:29.578-07:00,36.36228888888889,-118.12730277777777
IMG_0642.jpg,2025-06-11T09:10:04.551-07:00,36.42777222222222,-118.21122777777778
IMG_0643.jpg,2025-06-11T09:10:07.268-07:00,36.42777222222222,-118.21115833333333
IMG_0644.jpg,2025-06-11T10:05:01.824-07:00,36.43957777777777,-118.21862777777778
IMG_0645.jpg,2025-06-11T10:05:03.538-07:00,36.43959722222222,-118.21865
IMG_0646.jpg,2025-06-11T14:03:44.476-07:00,36.454522222222224,-118.22708888888889
IMG_0647.jpg,2025-06-11T14:03:45.011-07:00,36.454522222222224,-118.22708888888889
IMG_0648.jpg,2025-06-11T14:09:28.479-07:00,36.45576944444445,-118.22904166666667
IMG_0649.jpg,2025-06-11T14:09:29.064-07:00,36.45576944444445,-118.22904166666667
IMG_0650.jpg,2025-06-11T14:12:43.646-07:00,36.455397222222224,-118.22960555555555
IMG_0651.jpg,2025-06-11T14:13:10.352-07:00,36.45541111111111,-118.22959166666666
IMG_0652.jpg,2025-06-11T14:13:12.475-07:00,36.45541388888889,-118.2296
IMG_0655.jpg,2025-06-11T15:06:11.943-07:00,36.47202222222222,-118.25743055555556
IMG_0656.jpg,2025-06-11T15:06:48.082-07:00,36.472297222222224,-118.25753055555556
IMG_0657.jpg,2025-06-11T15:06:49.633-07:00,36.472294444444444,-118.25753055555556
IMG_0658.jpg,2025-06-11T15:06:51.716-07:00,36.472294444444444,-118.25753055555556
IMG_0659.jpg,2025-06-11T15:10:55.835-07:00,36.47371666666667,-118.26013055555556
IMG_0660.jpg,2025-06-11T15:10:56.397-07:00,36.473733333333335,-118.26011666666666
IMG_0661.jpg,2025-06-11T15:10:58.732-07:00,36.473725,-118.26018611111111
IMG_0662.jpg,2025-06-11T17:16:30.122-07:00,36.49050555555556,-118.32041944444444
IMG_0663.jpg,2025-06-11T17:16:30.76-07:00,36.491194444444446,-118.31953333333333
IMG_0664.jpg,2025-06-11T17:35:15.283-07:00,36.496452777777776,-118.32975833333333
IMG_0665.jpg,2025-06-11T17:35:16.02-07:00,36.49644722222222,-118.32975833333333
IMG_0666.jpg,2025-06-11T17:35:19.462-07:00,36.49641666666667,-118.32979722222221
IMG_0667.jpg,2025-06-12T11:28:59.378-07:00,36.54773055555555,-118.36111388888888
IMG_0668.jpg,2025-06-12T11:29:01.991-07:00,36.54832777777778,-118.36053333333332
IMG_0670.jpg,2025-06-12T11:39:22.248-07:00,36.551788888888886,-118.35737499999999
IMG_0671.jpg,2025-06-12T11:39:22.905-07:00,36.551788888888886,-118.35737499999999
IMG_0672.jpg,2025-06-12T18:33:50.575-07:00,36.56426111111111,-118.34989999999999
IMG_0673.jpg,2025-06-12T18:34:10.363-07:00,36.56425833333333,-118.34989166666666
IMG_0674.jpg,2025-06-13T04:29:04.571-07:00,36.578636111111116,-118.29216111111111
IMG_0676.jpg,2025-06-13T04:42:53.806-07:00,36.57841388888889,-118.29197777777777
IMG_0677.jpg,2025-06-13T04:42:59.68-07:00,36.57850555555556,-118.292
IMG_0678.jpg,2025-06-13T04:51:15.453-07:00,36.57862777777778,-118.29204444444444
IMG_0679.jpg,2025-06-13T04:51:22.177-07:00,36.57861666666667,-118.29204444444444
IMG_0680.jpg,2025-06-13T04:51:24.879-07:00,36.57862222222222,-118.29204444444444
IMG_0682 Copy.jpg,2025-06-13T04:58:44.918-07:00,36.57860555555556,-118.29212222222222
IMG_0682.jpg,2025-06-13T04:58:44.918-07:00,36.57860555555556,-118.29212222222222
IMG_0683.jpg,2025-06-13T04:58:47.205-07:00,36.57860277777778,-118.29212222222222
IMG_0684.jpg,2025-06-13T04:58:49.987-07:00,36.57859722222223,-118.29213055555556
IMG_0685.jpg,2025-06-13T04:58:50.314-07:00,36.57859722222223,-118.29213055555556
IMG_0686.jpg,2025-06-13T04:58:54.004-07:00,36.57859444444445,-118.29213055555556
IMG_0687.jpg,2025-06-13T04:58:56.061-07:00,36.578586111111115,-118.29213055555556
IMG_0688.jpg,2025-06-13T05:07:54.249-07:00,36.57862777777778,-118.29204444444444
IMG_0689.jpg,2025-06-13T05:07:54.818-07:00,36.57864444444445,-118.29205277777777
IMG_0690.jpg,2025-06-13T05:12:39.457-07:00,36.578613888888896,-118.29202222222222
IMG_0691.jpg,2025-06-13T05:16:18.772-07:00,36.57862222222222,-118.29205277777777
IMG_0692.jpg,2025-06-13T05:16:21.568-07:00,36.57862222222222,-118.29204444444444
IMG_0693.jpg,2025-06-13T05:16:23.892-07:00,36.57862222222222,-118.29204444444444
IMG_0694.jpg,2025-06-13T05:16:35.03-07:00,36.57862222222222,-118.29204444444444
IMG_0695.jpg,2025-06-13T05:16:37.02-07:00,36.57862222222222,-118.29204444444444
IMG_0696.jpg,2025-06-13T05:22:46.956-07:00,36.57863888888889,-118.29206111111111
IMG_0697.jpg,2025-06-13T05:22:53-07:00,36.578633333333336,-118.29206111111111
IMG_0698.jpg,2025-06-13T05:23:07.197-07:00,36.57862777777778,-118.29206111111111
IMG_0699.jpg,2025-06-13T05:23:15.518-07:00,36.57862777777778,-118.29205277777777
IMG_0700.jpg,2025-06-13T05:23:16.385-07:00,36.57862777777778,-118.29205277777777
IMG_0701 (1).jpg,2025-06-13T05:23:25.788-07:00,36.578625,-118.29205277777777
IMG_0702 (1).jpg,2025-06-13T05:26:30.205-07:00,36.57862222222222,-118.29205277777777
IMG_0703.jpg,2025-06-13T05:26:32.003-07:00,36.57862222222222,-118.29204444444444
IMG_0704.jpg,2025-06-13T05:30:22.302-07:00,36.578625,-118.292075
IMG_0705.jpg,2025-06-13T05:30:27.575-07:00,36.578625,-118.29204444444444
IMG_0706.jpg,2025-06-13T05:32:29.978-07:00,36.578586111111115,-118.29213055555556
IMG_0707.jpg,2025-06-13T05:32:30.446-07:00,36.578583333333334,-118.29213055555556
IMG_0708.jpg,2025-06-13T05:32:30.775-07:00,36.578583333333334,-118.29213055555556
IMG_0709.jpg,2025-06-13T05:32:31.512-07:00,36.578583333333334,-118.29213055555556
IMG_0712.jpg,2025-06-13T07:55:33.881-07:00,36.56925555555556,-118.30718333333333
IMG_0713.jpg,2025-06-13T07:55:57.561-07:00,36.56931388888889,-118.30724444444444
IMG_0714.jpg,2025-06-13T17:02:55.96-07:00,36.56431944444444,-118.3499611111111
IMG_0715.jpg,2025-06-14T11:10:58.218-07:00,36.60995833333333,-118.3745111111111
IMG_0716.jpg,2025-06-14T11:31:45.428-07:00,36.61696944444444,-118.37955555555556
IMG_0717.jpg,2025-06-14T11:31:48.581-07:00,36.61696944444444,-118.37955555555556
IMG_0718.jpg,2025-06-14T11:32:08.952-07:00,36.61696666666667,-118.3795611111111
IMG_0719.jpg,2025-06-14T11:32:09.51-07:00,36.61696666666667,-118.3795611111111
IMG_0720.jpg,2025-06-14T11:32:16.735-07:00,36.61696944444444,-118.37955555555556
IMG_0721.jpg,2025-06-14T11:32:22.325-07:00,36.616975000000004,-118.37955555555556
IMG_0722.jpg,2025-06-14T19:55:01.662-07:00,36.642891666666664,-118.38765000000001
IMG_0723.jpg,2025-06-14T19:55:02.309-07:00,36.642891666666664,-118.38765000000001
IMG_0724.jpg,2025-06-14T19:55:03.642-07:00,36.64288333333333,-118.38765000000001
IMG_0725.jpg,2025-06-14T19:55:38.292-07:00,36.64288611111111,-118.38765000000001
IMG_0726.jpg,2025-06-14T19:55:52.371-07:00,36.642922222222225,-118.3876638888889
IMG_0727.jpg,2025-06-15T05:41:18.258-07:00,36.66161666666667,-118.38417777777778
IMG_0728.jpg,2025-06-15T05:41:18.868-07:00,36.66156111111111,-118.3841388888889
IMG_0729.jpg,2025-06-15T05:41:27.985-07:00,36.66159722222222,-118.38411666666667
IMG_0730.jpg,2025-06-15T05:41:28.664-07:00,36.66159722222222,-118.38410833333334
IMG_0731.jpg,2025-06-15T05:41:31.827-07:00,36.66160277777777,-118.38410833333334
IMG_0732.jpg,2025-06-15T05:59:13.51-07:00,36.66612222222222,-118.38480277777778
IMG_0733.jpg,2025-06-15T05:59:15.267-07:00,36.666133333333335,-118.38481111111112
IMG_0734.jpg,2025-06-15T05:59:27.325-07:00,36.66616388888889,-118.38483333333333
IMG_0735.jpg,2025-06-15T05:59:31.98-07:00,36.66616111111111,-118.38484166666667
IMG_0736.jpg,2025-06-15T05:59:32.854-07:00,36.666155555555555,-118.38484166666667
IMG_0739.jpg,2025-06-15T07:02:42.557-07:00,36.691311111111105,-118.37285555555555
IMG_0740.jpg,2025-06-15T07:02:43.022-07:00,36.691263888888884,-118.37297777777778
IMG_0741.jpg,2025-06-15T07:02:46.887-07:00,36.691247222222216,-118.37303055555554
IMG_0742.jpg,2025-06-15T07:37:51.788-07:00,36.69414166666667,-118.374
IMG_0743.jpg,2025-06-15T07:37:52.38-07:00,36.69414166666667,-118.374
IMG_0744.jpg,2025-06-15T07:37:59.78-07:00,36.69414166666667,-118.374
IMG_0745.jpg,2025-06-15T07:38:14.063-07:00,36.69465555555555,-118.37358055555555
IMG_0746.jpg,2025-06-15T07:38:14.794-07:00,36.69465555555555,-118.37358055555555
IMG_0747.jpg,2025-06-15T08:45:00.622-07:00,36.703950000000006,-118.36977499999999
IMG_0748.jpg,2025-06-15T08:45:03.615-07:00,36.703950000000006,-118.36977499999999
IMG_0749.jpg,2025-06-15T08:45:07.624-07:00,36.70465,-118.36944444444444
IMG_0750.jpg,2025-06-15T09:04:12.179-07:00,36.702397222222224,-118.36890277777778
IMG_0751.jpg,2025-06-15T09:04:13.445-07:00,36.704369444444445,-118.36755277777777
IMG_0752.jpg,2025-06-15T09:04:13.875-07:00,36.704369444444445,-118.36755277777777
IMG_0753.jpg,2025-06-15T09:42:36.651-07:00,36.71319166666667,-118.37158333333333
IMG_0754.jpg,2025-06-15T12:16:58.749-07:00,36.765147222222225,-118.40812777777778
IMG_0755.jpg,2025-06-15T12:16:59.128-07:00,36.765147222222225,-118.40812777777778
IMG_0756.jpg,2025-06-15T12:17:04.629-07:00,36.76600555555556,-118.40780000000001
IMG_0757.jpg,2025-06-15T12:17:05.267-07:00,36.765975,-118.40776944444445
IMG_0758.jpg,2025-06-15T14:54:33.346-07:00,36.773352777777774,-118.37720555555555
IMG_0759.jpg,2025-06-15T14:54:35.703-07:00,36.77338888888889,-118.37727222222222
IMG_0760.jpg,2025-06-15T19:13:58.848-07:00,37.36071388888889,-118.39463888888889
IMG_0761.jpg,2025-06-16T12:06:28.267-07:00,37.363619444444446,-118.39546944444444
IMG_0778.jpg,2025-06-17T11:24:27.512-07:00,37.36835555555555,-118.39605
IMG_0779.jpg,2025-06-17T11:24:34.588-07:00,37.36835833333333,-118.39611111111111
IMG_0780.jpg,2025-06-17T20:10:56.132-07:00,36.77313888888889,-118.37664166666666
IMG_0781.jpg,2025-06-17T20:10:56.549-07:00,36.77313611111111,-118.37664166666666
IMG_0782.jpg,2025-06-17T20:11:04.158-07:00,36.773133333333334,-118.37661666666666
IMG_0783.jpg,2025-06-17T20:11:21.987-07:00,36.77313888888889,-118.37662499999999
IMG_0784.jpg,2025-06-17T20:11:33.13-07:00,36.77312777777777,-118.37664166666666
IMG_0785.jpg,2025-06-17T20:12:29.38-07:00,36.77319444444444,-118.37686111111111
IMG_0786.jpg,2025-06-17T20:12:29.755-07:00,36.77321111111111,-118.37684722222221
IMG_0787.jpg,2025-06-17T20:17:34.277-07:00,36.77370555555555,-118.37868611111111
IMG_0789.jpg,2025-06-18T10:45:01.821-07:00,36.80239444444444,-118.40251111111111
IMG_0790.jpg,2025-06-18T12:42:22.395-07:00,36.803824999999996,-118.40148055555557
IMG_0791.jpg,2025-06-18T12:42:23.353-07:00,36.803824999999996,-118.40148055555557
IMG_0794.jpg,2025-06-19T13:15:09.724-07:00,36.943416666666664,-118.42578055555556
IMG_0795.jpg,2025-06-19T13:15:24.531-07:00,36.94336666666666,-118.42581111111112
IMG_0797.jpg,2025-06-19T17:03:17.229-07:00,37.01136666666667,-118.45746666666668
IMG_0798.jpg,2025-06-19T17:03:21.524-07:00,37.01136388888889,-118.45744444444445
IMG_0799.jpg,2025-06-19T17:03:24.739-07:00,37.01136388888889,-118.45743611111111
IMG_0800.jpg,2025-06-19T17:03:33.502-07:00,37.011355555555554,-118.45742777777778
IMG_0801.jpg,2025-06-19T17:03:40.127-07:00,37.01136666666667,-118.45741944444445
IMG_0802.jpg,2025-06-19T17:03:48.306-07:00,37.01136388888889,-118.45741944444445
IMG_0803.jpg,2025-06-19T17:17:22.992-07:00,37.017022222222224,-118.46044166666667
IMG_0804.jpg,2025-06-19T17:17:35.633-07:00,37.01744444444444,-118.46049444444445
IMG_0805.jpg,2025-06-19T20:02:16.936-07:00,37.02587222222222,-118.45698611111112
IMG_0807.jpg,2025-06-20T07:57:01.68-07:00,37.030741666666664,-118.45485000000001
IMG_0808.jpg,2025-06-20T08:16:18.766-07:00,37.02956111111111,-118.46050277777778
IMG_0809.jpg,2025-06-20T08:16:19.161-07:00,37.02956111111111,-118.46050277777778
IMG_0810.jpg,2025-06-20T08:16:20.631-07:00,37.02956111111111,-118.46048611111111
IMG_0811.jpg,2025-06-20T08:16:28.23-07:00,37.02955277777777,-118.46044166666667
IMG_0812.jpg,2025-06-20T10:21:59.989-07:00,37.05801388888889,-118.47918611111112
IMG_0813.jpg,2025-06-20T10:22:05.666-07:00,37.05800555555555,-118.47915
IMG_0814.jpg,2025-06-20T11:30:29.019-07:00,37.05353888888889,-118.50619444444445
IMG_0815.jpg,2025-06-20T11:30:31.166-07:00,37.05358611111111,-118.50618055555556
IMG_0816.jpg,2025-06-20T14:20:11.209-07:00,37.05668333333333,-118.58265
IMG_0818.jpg,2025-06-20T14:30:50.878-07:00,37.06205277777777,-118.58738055555555
IMG_0819.jpg,2025-06-20T14:30:51.84-07:00,37.06204722222222,-118.58737222222221
IMG_0820.jpg,2025-06-20T15:43:46.05-07:00,37.09209166666667,-118.59396388888888
IMG_0821.jpg,2025-06-20T15:43:55.091-07:00,37.09246944444445,-118.59372777777777
IMG_0822.jpg,2025-06-20T17:02:48.416-07:00,37.11349166666667,-118.62739444444443
IMG_0823.jpg,2025-06-20T17:15:13.24-07:00,37.11360277777778,-118.63218055555555
IMG_0824.jpg,2025-06-20T17:15:13.908-07:00,37.11341388888889,-118.63216388888888
IMG_0825.jpg,2025-06-21T09:24:55.887-07:00,37.11830833333333,-118.6602388888889
IMG_0826.jpg,2025-06-21T09:25:02.951-07:00,37.11831388888889,-118.66022500000001
IMG_0828.jpg,2025-06-21T10:03:06.306-07:00,37.11176944444445,-118.6698138888889
IMG_0829.jpg,2025-06-21T10:54:16.204-07:00,37.11287222222222,-118.67246111111112
IMG_0830.jpg,2025-06-21T10:54:17.323-07:00,37.112883333333336,-118.67247777777779
IMG_0831.jpg,2025-06-21T10:54:35.315-07:00,37.112880555555556,-118.672425
IMG_0832.jpg,2025-06-21T10:54:38.802-07:00,37.11287777777778,-118.67241666666668
IMG_0833.jpg,2025-06-21T10:54:39.446-07:00,37.11287777777778,-118.67241666666668
IMG_0835.jpg,2025-06-21T11:42:32.032-07:00,37.12600277777778,-118.69261111111112
IMG_0837.jpg,2025-06-21T12:17:13.712-07:00,37.141780555555556,-118.69778333333333
IMG_0838.jpg,2025-06-21T12:26:10.614-07:00,37.146388888888886,-118.69592222222222
IMG_0839.jpg,2025-06-21T12:26:21.153-07:00,37.14639722222222,-118.69598333333333
IMG_0841.jpg,2025-06-21T12:31:30.049-07:00,37.14881944444444,-118.69666388888889
IMG_0842.jpg,2025-06-21T12:36:13.334-07:00,37.15186388888889,-118.69598333333333
IMG_0843.jpg,2025-06-21T12:36:31.679-07:00,37.15189722222222,-118.69596111111112
IMG_0845.jpg,2025-06-21T12:48:00.114-07:00,37.158538888888884,-118.69296944444444
IMG_0846.jpg,2025-06-21T13:20:08.937-07:00,37.173094444444445,-118.69494722222223
IMG_0848.jpg,2025-06-21T15:16:46.171-07:00,37.17519722222222,-118.70251388888889
IMG_0849.jpg,2025-06-21T18:04:54.601-07:00,37.195727777777776,-118.78496666666666
IMG_0850.jpg,2025-06-21T19:34:37.175-07:00,37.192769444444444,-118.79435833333334
IMG_0851.jpg,2025-06-21T19:34:41.807-07:00,37.19283333333333,-118.79435
IMG_0852.jpg,2025-06-21T19:34:43.615-07:00,37.192836111111106,-118.79435
IMG_0853.jpg,2025-06-21T19:34:44.689-07:00,37.192841666666666,-118.79435833333334
IMG_0854.jpg,2025-06-21T19:34:46.122-07:00,37.19284444444444,-118.79436388888888
IMG_0855.jpg,2025-06-21T19:34:49.592-07:00,37.19284444444444,-118.79438055555555
IMG_0856.jpg,2025-06-21T19:34:51.153-07:00,37.19284444444444,-118.79438055555555
IMG_0857.jpg,2025-06-21T19:34:52.615-07:00,37.19284444444444,-118.79438888888889
IMG_0858.jpg,2025-06-21T19:35:15.93-07:00,37.19278611111111,-118.79449444444444
IMG_0859.jpg,2025-06-21T19:41:22.912-07:00,37.19282777777777,-118.79439444444444
IMG_0860.jpg,2025-06-21T19:41:24.759-07:00,37.192825,-118.79440277777778
IMG_0861.jpg,2025-06-21T19:41:26.376-07:00,37.19282222222222,-118.7944111111111
IMG_0862.jpg,2025-06-21T19:41:28.095-07:00,37.19282222222222,-118.7944111111111
IMG_0863.jpg,2025-06-21T19:41:30.719-07:00,37.192825,-118.79440277777778
IMG_0864.jpg,2025-06-21T19:41:31.755-07:00,37.192825,-118.79440277777778
IMG_0865.jpg,2025-06-21T19:41:32.803-07:00,37.192825,-118.79440277777778
IMG_0866.jpg,2025-06-21T19:41:37.635-07:00,37.192816666666666,-118.7944111111111
IMG_0867.jpg,2025-06-21T19:41:38.648-07:00,37.192816666666666,-118.7944111111111
IMG_0868.jpg,2025-06-21T19:41:42.126-07:00,37.192813888888885,-118.7944111111111
IMG_0873.jpg,2025-06-22T08:06:57.437-07:00,37.20312777777778,-118.80101111111111
IMG_0874.jpg,2025-06-22T08:06:57.962-07:00,37.203125,-118.80101111111111
IMG_0875.jpg,2025-06-22T12:22:36.266-07:00,37.26549166666667,-118.87753333333333
IMG_0876.jpg,2025-06-22T12:26:50.137-07:00,37.26820277777777,-118.87727222222222
IMG_0878.jpg,2025-06-22T12:32:46.919-07:00,37.27021666666666,-118.87658611111111
IMG_0879.jpg,2025-06-22T12:43:21.672-07:00,37.27444166666667,-118.87615277777778
IMG_0880.jpg,2025-06-22T12:47:44.379-07:00,37.27502777777778,-118.87664166666666
IMG_0881.jpg,2025-06-22T12:47:47.014-07:00,37.27516111111111,-118.87677777777778
IMG_0882.jpg,2025-06-22T13:11:53.376-07:00,37.28477777777778,-118.87447222222221
IMG_0883.jpg,2025-06-22T13:11:56.415-07:00,37.28482777777778,-118.87450277777778
IMG_0884.jpg,2025-06-22T13:52:57.786-07:00,37.29002777777777,-118.87299999999999
IMG_0885.jpg,2025-06-22T13:53:12.24-07:00,37.29004722222222,-118.87295555555555
IMG_0886.jpg,2025-06-22T14:11:41.684-07:00,37.29575,-118.87304722222221
IMG_0887.jpg,2025-06-22T14:11:42.256-07:00,37.295769444444446,-118.87303888888889
IMG_0888.jpg,2025-06-22T14:11:46.914-07:00,37.29574722222222,-118.873025
IMG_0889.jpg,2025-06-22T14:11:53.13-07:00,37.295719444444444,-118.87306944444444
IMG_0890.jpg,2025-06-22T17:39:09.858-07:00,37.375819444444446,-118.90006944444445
IMG_0891.jpg,2025-06-22T17:39:14.048-07:00,37.375841666666666,-118.90004722222223
IMG_0897.jpg,2025-06-23T05:32:08.227-07:00,37.38012777777778,-118.90608333333334
IMG_0898.jpg,2025-06-23T05:32:11.486-07:00,37.38022222222222,-118.9058
IMG_0899.jpg,2025-06-23T05:32:16.436-07:00,37.38021944444444,-118.90580833333334
IMG_0900.jpg,2025-06-23T05:32:17.244-07:00,37.38021944444444,-118.90580833333334
IMG_0901.jpg,2025-06-23T05:38:03.207-07:00,37.380947222222225,-118.90716666666667
IMG_0902.jpg,2025-06-23T05:38:03.988-07:00,37.38093055555556,-118.90714166666667
IMG_0903.jpg,2025-06-23T05:38:07.368-07:00,37.380969444444446,-118.90717222222223
IMG_0904.jpg,2025-06-23T05:38:10.95-07:00,37.38098055555555,-118.90718055555556
IMG_0905.jpg,2025-06-23T05:38:14.84-07:00,37.380988888888886,-118.90717222222223
IMG_0907.jpg,2025-06-23T07:56:08.647-07:00,37.37611666666667,-119.01281666666667
IMG_0908.jpg,2025-06-24T15:32:10.388-07:00,37.376511111111114,-119.01315277777778
IMG_0909.jpg,2025-06-24T15:32:16.972-07:00,37.37652222222222,-119.01314444444445
IMG_0910.jpg,2025-06-25T14:27:42.52-07:00,37.45986666666667,-118.91890000000001
IMG_0911.jpg,2025-06-25T14:27:58.859-07:00,37.459877777777784,-118.91889166666667
IMG_0912.jpg,2025-06-25T14:28:02.251-07:00,37.459877777777784,-118.91889166666667
IMG_0913.jpg,2025-06-25T14:34:03.972-07:00,37.46387222222223,-118.91975277777779
IMG_0914.jpg,2025-06-25T14:34:10.513-07:00,37.46383333333333,-118.91978333333334
IMG_0915.jpg,2025-06-25T14:34:12.24-07:00,37.463825,-118.91979166666667
IMG_0916.jpg,2025-06-25T14:34:20.887-07:00,37.46381388888889,-118.91980000000001
IMG_0917.jpg,2025-06-25T14:45:43.413-07:00,37.467908333333334,-118.923325
IMG_0918.jpg,2025-06-25T14:45:48.462-07:00,37.46790277777778,-118.92331666666666
IMG_0919.jpg,2025-06-25T14:48:28.45-07:00,37.468741666666666,-118.92265277777778
IMG_0920.jpg,2025-06-25T14:48:33.368-07:00,37.468669444444444,-118.92268333333334
IMG_0921.jpg,2025-06-25T14:48:33.833-07:00,37.468669444444444,-118.92268333333334
IMG_0922.jpg,2025-06-25T15:52:56.228-07:00,37.47254166666667,-118.92323333333334
IMG_0923.jpg,2025-06-25T15:52:58.124-07:00,37.472569444444446,-118.923225
IMG_0924.jpg,2025-06-25T16:07:05.091-07:00,37.47539166666667,-118.92919166666667
IMG_0925.jpg,2025-06-25T16:07:05.685-07:00,37.47539166666667,-118.92919166666667
IMG_0926.jpg,2025-06-26T06:40:14.652-07:00,37.51595,-118.9352638888889
IMG_0928.jpg,2025-06-26T07:17:29.027-07:00,37.52744722222222,-118.94913611111112
IMG_0930.jpg,2025-06-26T07:18:51.061-07:00,37.52752777777778,-118.94952500000001
IMG_0931.jpg,2025-06-26T08:14:15.574-07:00,37.53896666666667,-118.97222222222223
IMG_0933.jpg,2025-06-26T08:14:22.458-07:00,37.538941666666666,-118.97228333333334
IMG_0935.jpg,2025-06-26T12:56:13.125-07:00,37.645408333333336,-119.00136666666667
IMG_0938.jpg,2025-06-27T19:11:40.854-07:00,37.68590833333333,-119.08241944444444
IMG_0940.jpg,2025-06-27T19:11:48.515-07:00,37.685874999999996,-119.08239722222221
IMG_0941.jpg,2025-06-28T08:38:01.602-07:00,37.702488888888894,-119.10835277777777
IMG_0942.jpg,2025-06-28T08:38:09.081-07:00,37.70249444444445,-119.10833055555555
IMG_0943.jpg,2025-06-28T11:12:41.596-07:00,37.72940555555556,-119.17252222222223
IMG_0944.jpg,2025-06-28T11:12:43.862-07:00,37.72949166666667,-119.17272222222223
IMG_0945.jpg,2025-06-28T11:24:22.904-07:00,37.730136111111115,-119.17735277777778
IMG_0946.jpg,2025-06-28T11:24:23.963-07:00,37.73008611111111,-119.17789444444445
IMG_0947.jpg,2025-06-28T16:12:39.018-07:00,37.76164166666667,-119.24974166666667
IMG_0948.jpg,2025-06-28T16:12:45.502-07:00,37.761652777777776,-119.249725
IMG_0949.jpg,2025-06-28T16:35:21.817-07:00,37.76343055555556,-119.254975
IMG_0950.jpg,2025-06-28T16:40:10.74-07:00,37.762613888888886,-119.25716388888888
IMG_0951.jpg,2025-06-28T16:40:23.144-07:00,37.76271944444444,-119.25745277777777
IMG_0952.jpg,2025-06-28T19:49:36.909-07:00,37.77377222222222,-119.25924722222223
IMG_0953.jpg,2025-06-29T07:57:50.243-07:00,37.79218611111111,-119.26148333333333
IMG_0955.jpg,2025-06-29T08:31:17.775-07:00,37.812241666666665,-119.26915
IMG_0956.jpg,2025-06-29T08:31:21.79-07:00,37.81229722222222,-119.26919444444444
IMG_0957.jpg,2025-06-29T15:20:17.233-07:00,37.87858611111111,-119.36669166666665
IMG_0958.jpg,2025-06-29T15:20:19.549-07:00,37.87858333333333,-119.36662222222222
IMG_0959.jpg,2025-06-29T16:14:47.15-07:00,37.89873611111111,-119.39805555555556
IMG_0960.jpg,2025-06-29T16:14:47.9-07:00,37.89873611111111,-119.39805555555556
IMG_0961.jpg,2025-06-29T19:33:18.599-07:00,37.90550555555556,-119.41881666666667
IMG_0962.jpg,2025-06-29T19:33:47.302-07:00,37.906308333333335,-119.41832777777778
IMG_0963.jpg,2025-06-29T19:33:53.83-07:00,37.906308333333335,-119.41832777777778
IMG_0964.jpg,2025-06-29T19:33:59.448-07:00,37.9063,-119.41831944444445
IMG_0965.jpg,2025-06-30T09:07:14.634-07:00,37.954772222222225,-119.40564722222223
IMG_0966.jpg,2025-06-30T09:07:48.442-07:00,37.95547777777778,-119.40560277777779
IMG_0967.jpg,2025-06-30T13:38:32.419-07:00,37.993652777777775,-119.41824444444445
IMG_0968.jpg,2025-06-30T13:38:45.648-07:00,37.99370555555556,-119.41822777777779
IMG_0969.jpg,2025-06-30T13:38:47.258-07:00,37.99370555555556,-119.41822777777779
IMG_0970.jpg,2025-06-30T13:52:38.581-07:00,38.001694444444446,-119.4161
IMG_0971.jpg,2025-06-30T13:52:39.572-07:00,38.0017,-119.4161138888889
IMG_0972.jpg,2025-06-30T16:38:30.799-07:00,38.01974166666667,-119.44829444444444
IMG_0973.jpg,2025-06-30T16:38:41.124-07:00,38.01977222222222,-119.4482888888889
IMG_0975.jpg,2025-06-30T17:07:54.408-07:00,38.01533055555556,-119.46037222222222
IMG_0976.jpg,2025-06-30T17:07:58.476-07:00,38.015366666666665,-119.46041944444444
IMG_0978.jpg,2025-06-30T17:09:37.82-07:00,38.01499444444445,-119.46147222222223
IMG_0979.jpg,2025-06-30T17:44:16.693-07:00,38.01063611111111,-119.47250277777778
IMG_0980.jpg,2025-06-30T17:44:18.905-07:00,38.01065833333333,-119.47248055555556
IMG_0981.jpg,2025-06-30T17:44:25.724-07:00,38.01063888888889,-119.47250277777778
IMG_0984.jpg,2025-07-01T12:09:45.293-07:00,38.0383,-119.52769444444445
IMG_0986.jpg,2025-07-01T16:42:06.314-07:00,38.057336111111105,-119.58480833333333
IMG_0987.jpg,2025-07-01T16:42:09.323-07:00,38.05738888888889,-119.5848
IMG_0988.jpg,2025-07-01T18:11:12.714-07:00,38.05854166666666,-119.61913333333332
IMG_0989.jpg,2025-07-01T18:11:18.883-07:00,38.059016666666665,-119.61939166666666
IMG_0991.jpg,2025-07-02T11:52:34.887-07:00,38.17307222222222,-119.59665555555556
IMG_0992.jpg,2025-07-02T11:58:04.465-07:00,38.17587222222222,-119.59417777777777
IMG_0993.jpg,2025-07-02T11:58:06.552-07:00,38.175827777777776,-119.5941861111111
IMG_0994.jpg,2025-07-02T12:05:43.047-07:00,38.178602777777776,-119.58952222222221
IMG_0995.jpg,2025-07-02T12:06:22.918-07:00,38.178599999999996,-119.58908888888888
IMG_0996.jpg,2025-07-02T12:06:23.792-07:00,38.178599999999996,-119.58908888888888
IMG_0997.jpg,2025-07-02T12:06:29.078-07:00,38.17859722222222,-119.58908055555555
IMG_1001.jpg,2025-07-02T12:19:45.49-07:00,38.180169444444445,-119.5816111111111
IMG_1002.jpg,2025-07-02T12:19:48.695-07:00,38.180169444444445,-119.5816111111111
IMG_1003.jpg,2025-07-02T12:19:52.973-07:00,38.18018055555555,-119.5816111111111
IMG_1005.jpg,2025-07-02T13:54:25.804-07:00,38.192813888888885,-119.56993888888888
IMG_1006.jpg,2025-07-02T14:28:07.168-07:00,38.20559444444445,-119.57115833333333
IMG_1008.jpg,2025-07-02T14:28:12.455-07:00,38.20558611111112,-119.5711361111111
IMG_1009.jpg,2025-07-02T14:28:36.892-07:00,38.20557777777778,-119.5713111111111
IMG_1012.jpg,2025-07-03T07:56:31.437-07:00,38.250191666666666,-119.61712777777777
IMG_1013.jpg,2025-07-03T08:16:43.465-07:00,38.258227777777776,-119.61522777777778
IMG_1014.jpg,2025-07-03T08:16:46.599-07:00,38.258266666666664,-119.61521944444443
IMG_1015.jpg,2025-07-03T09:34:39.793-07:00,38.291130555555554,-119.6426
IMG_1016.jpg,2025-07-03T09:34:40.688-07:00,38.291130555555554,-119.6426
IMG_1017.jpg,2025-07-03T09:42:45.26-07:00,38.29313611111111,-119.63810833333334
IMG_1018.jpg,2025-07-03T09:42:53.156-07:00,38.29311111111111,-119.63813888888889
IMG_1019.jpg,2025-07-03T09:42:57.624-07:00,38.29311111111111,-119.63813888888889
IMG_1020.jpg,2025-07-04T11:25:34.53-07:00,38.34570277777778,-119.62480833333332
IMG_1021.jpg,2025-07-04T11:25:38.313-07:00,38.34587777777778,-119.6247861111111
IMG_1023.jpg,2025-07-04T11:52:11.421-07:00,38.356033333333336,-119.62500833333333
IMG_1026.jpg,2025-07-04T18:11:25.677-07:00,38.46376388888889,-119.71830833333334
IMG_1027.jpg,2025-07-04T18:14:54.067-07:00,38.46546111111111,-119.71891111111111
IMG_1028.jpg,2025-07-04T18:14:54.779-07:00,38.46546111111111,-119.71891111111111
IMG_1029.jpg,2025-07-05T09:36:39.989-07:00,38.51837222222222,-119.77928055555556
IMG_1030.jpg,2025-07-05T09:36:41.94-07:00,38.51833333333333,-119.77935
IMG_1031.jpg,2025-07-05T10:43:51.685-07:00,38.53433333333333,-119.78301111111111
IMG_1032.jpg,2025-07-05T15:23:46.897-07:00,38.587833333333336,-119.82883333333334
IMG_1033.jpg,2025-07-05T15:23:47.424-07:00,38.587833333333336,-119.82883333333334
IMG_1034.jpg,2025-07-05T17:22:58.678-07:00,38.61693888888889,-119.832475
IMG_1035.jpg,2025-07-05T17:23:01.249-07:00,38.617275,-119.83295555555556
IMG_1036.jpg,2025-07-05T17:45:20.909-07:00,38.61786388888889,-119.84091111111111
IMG_1037.jpg,2025-07-05T17:50:41.342-07:00,38.61835555555555,-119.84356666666666
IMG_1038.jpg,2025-07-05T17:50:42.087-07:00,38.618386111111114,-119.84340555555555
IMG_1040.jpg,2025-07-06T08:01:01.471-07:00,38.640166666666666,-119.94082777777778
IMG_1041.jpg,2025-07-06T08:01:19.834-07:00,38.640166666666666,-119.94083333333333
IMG_1042.jpg,2025-07-06T13:53:16.955-07:00,38.741147222222224,-120.0342111111111
IMG_1043.jpg,2025-07-06T14:11:00.159-07:00,38.74148888888889,-120.04363888888889
IMG_1044.jpg,2025-07-06T15:46:08.343-07:00,38.787875,-120.04370833333333
IMG_1045.jpg,2025-07-06T15:46:09.627-07:00,38.78861111111111,-120.04321388888889
IMG_1046.jpg,2025-07-06T16:34:27.234-07:00,38.808791666666664,-120.03478888888888
IMG_1047.jpg,2025-07-06T16:34:28.227-07:00,38.808791666666664,-120.03478888888888
IMG_1048.jpg,2025-07-06T17:32:51.134-07:00,38.911738888888884,-120.00534722222223
IMG_1049.jpg,2025-07-06T17:32:54.993-07:00,38.91172777777778,-120.00538611111111
IMG_1050.jpg,2025-07-06T17:32:55.91-07:00,38.91173611111111,-120.00540277777777
IMG_1053.jpg,2025-07-08T16:03:11.028-07:00,38.86461944444444,-120.12938055555554
IMG_1054.jpg,2025-07-08T16:03:11.594-07:00,38.86473055555556,-120.12929444444444
IMG_1056.jpg,2025-07-08T16:44:11.412-07:00,38.868175,-120.13672500000001
IMG_1057.jpg,2025-07-08T17:24:12.692-07:00,38.87781388888889,-120.13398055555557
IMG_1058.jpg,2025-07-08T17:24:13.274-07:00,38.87773611111111,-120.13355277777778
IMG_1059.jpg,2025-07-09T17:43:30.684-07:00,39.07656111111111,-120.23501666666667
IMG_1060.jpg,2025-07-09T17:43:32.016-07:00,39.07653333333334,-120.23496944444445
IMG_1061.jpg,2025-07-09T17:43:33.608-07:00,39.076480555555555,-120.23495555555556
IMG_1062.jpg,2025-07-09T17:43:39.253-07:00,39.07654166666667,-120.23496944444445
IMG_1063.jpg,2025-07-09T17:43:40.565-07:00,39.076550000000005,-120.23496944444445
IMG_1064.jpg,2025-07-10T08:29:47.602-07:00,39.08135555555556,-120.24565833333334
IMG_1066.jpg,2025-07-10T10:05:51.626-07:00,39.1087,-120.23673333333333
IMG_1068.jpg,2025-07-10T10:34:11.141-07:00,39.11816388888889,-120.24182222222223
IMG_1069.jpg,2025-07-10T10:34:12.844-07:00,39.11815555555555,-120.24184444444444
IMG_1070.jpg,2025-07-10T10:45:42.875-07:00,39.123761111111115,-120.24687222222222
IMG_1071.jpg,2025-07-10T10:45:48.752-07:00,39.12368055555556,-120.24685
IMG_1072.jpg,2025-07-10T10:46:01.723-07:00,39.123675,-120.24681944444444
IMG_1073.jpg,2025-07-10T11:16:28.083-07:00,39.13906388888889,-120.24591944444444
IMG_1074.jpg,2025-07-10T11:38:46.749-07:00,39.152611111111106,-120.24878611111112
IMG_1075.jpg,2025-07-10T11:39:47.74-07:00,39.15304444444444,-120.24900833333334
IMG_1076.jpg,2025-07-10T11:40:14.375-07:00,39.15328888888889,-120.24904722222222
IMG_1077.jpg,2025-07-10T12:04:15.516-07:00,39.16603055555555,-120.25453888888889
IMG_1078.jpg,2025-07-10T16:02:25.759-07:00,39.19360277777778,-120.2831638888889
IMG_1079.jpg,2025-07-10T16:15:56.762-07:00,39.19721666666666,-120.28157777777778
IMG_1080.jpg,2025-07-10T18:59:32.454-07:00,39.245694444444446,-120.28308888888888
IMG_1081.jpg,2025-07-10T19:00:02.915-07:00,39.24590277777778,-120.28338611111111
IMG_1082.jpg,2025-07-10T19:01:59.108-07:00,39.246291666666664,-120.28446111111111
IMG_1083.jpg,2025-07-10T19:02:00.463-07:00,39.24627777777778,-120.28446944444444
IMG_1084.jpg,2025-07-10T19:02:04.957-07:00,39.24630277777778,-120.28449166666667
IMG_1085.jpg,2025-07-10T19:02:07.818-07:00,39.24630833333333,-120.2845
IMG_1086.jpg,2025-07-10T20:24:25.944-07:00,39.25341111111111,-120.29141944444444
IMG_1087.jpg,2025-07-10T20:24:26.672-07:00,39.253413888888886,-120.29141944444444
IMG_1088.jpg,2025-07-10T20:24:35.725-07:00,39.253413888888886,-120.29142777777777
IMG_1089.jpg,2025-07-10T20:26:33.252-07:00,39.253394444444446,-120.29143611111111
IMG_1090.jpg,2025-07-10T20:26:34.991-07:00,39.25340277777778,-120.29143611111111
IMG_1091.jpg,2025-07-10T20:26:46.546-07:00,39.25338611111111,-120.29144166666667
IMG_1092.jpg,2025-07-10T20:29:05.534-07:00,39.25341111111111,-120.29139722222222
IMG_1093.jpg,2025-07-10T20:29:07.838-07:00,39.25340555555555,-120.29139722222222
IMG_1094.jpg,2025-07-10T20:29:09.812-07:00,39.25340555555555,-120.29139722222222
IMG_1095.jpg,2025-07-10T20:29:36.872-07:00,39.253391666666666,-120.2914111111111
IMG_1096.jpg,2025-07-10T20:29:38.964-07:00,39.253394444444446,-120.2914111111111
IMG_1097.jpg,2025-07-10T20:29:39.704-07:00,39.253394444444446,-120.2914111111111
IMG_1098.jpg,2025-07-10T20:29:49.215-07:00,39.253394444444446,-120.29140555555556
IMG_1099.jpg,2025-07-10T20:29:54.753-07:00,39.253394444444446,-120.2914111111111
IMG_1100.jpg,2025-07-10T20:30:07.723-07:00,39.253394444444446,-120.291375
IMG_1101.jpg,2025-07-10T20:30:08.612-07:00,39.253369444444445,-120.29135833333333
IMG_1103.jpg,2025-07-10T20:33:20.812-07:00,39.25335555555556,-120.29145
IMG_1109.jpg,2025-07-13T12:21:33.924-07:00,39.31511388888889,-120.32771944444444
IMG_1111.jpg,2025-07-13T14:01:23.035-07:00,39.31464444444444,-120.32721666666666
IMG_1112.jpg,2025-07-13T14:03:14.581-07:00,39.31466388888889,-120.32721666666666
IMG_1113.jpg,2025-07-13T14:03:15.821-07:00,39.314658333333334,-120.32721666666666
IMG_1117.jpg,2025-07-13T16:17:57.253-07:00,39.323600000000006,-120.32166944444444
IMG_1118.jpg,2025-07-13T16:17:58.266-07:00,39.323600000000006,-120.32166944444444
IMG_1119.jpg,2025-07-14T13:03:17.433-07:00,39.43286944444444,-120.45940277777778
IMG_1121.jpg,2025-07-14T13:03:37.065-07:00,39.43285833333333,-120.45941944444445
IMG_1123.jpg,2025-07-15T08:31:00.45-07:00,39.43291388888888,-120.4593888888889
IMG_1126.jpg,2025-07-15T08:31:13.819-07:00,39.58001388888889,-120.60825277777778
IMG_1127.jpg,2025-07-15T20:16:23.336-07:00,39.60385,-120.66254444444445
IMG_1128.jpg,2025-07-15T20:16:23.992-07:00,39.60385,-120.66254444444445
IMG_1129.jpg,2025-07-15T20:16:36.758-07:00,39.60379722222223,-120.66253611111112
IMG_1132.jpg,2025-07-15T20:16:42.348-07:00,39.60379722222223,-120.66253611111112
IMG_1134.jpg,2025-07-15T20:20:49.802-07:00,39.606341666666665,-120.6633138888889
IMG_1135.jpg,2025-07-15T20:25:37.919-07:00,39.60901944444445,-120.66528333333333
IMG_1136.jpg,2025-07-15T20:25:39.364-07:00,39.60973055555556,-120.66559722222223
IMG_1138.jpg,2025-07-15T20:29:44.24-07:00,39.61156944444445,-120.66537500000001
IMG_1139.jpg,2025-07-15T21:07:27.653-07:00,39.63129722222222,-120.66690833333334
IMG_1140.jpg,2025-07-15T21:07:30.459-07:00,39.631347222222225,-120.66719166666667
IMG_1141.jpg,2025-07-16T17:50:18.526-07:00,39.75776944444444,-120.84754166666666
IMG_1142.jpg,2025-07-16T17:50:28.385-07:00,39.75814722222222,-120.84913611111111
IMG_1143.jpg,2025-07-17T15:02:55.477-07:00,39.80869722222222,-121.04544722222222
IMG_1144.jpg,2025-07-17T16:12:52.542-07:00,39.82148055555556,-121.07905555555556
IMG_1145.jpg,2025-07-17T16:12:56.075-07:00,39.82145555555556,-121.07906388888888
IMG_1146.jpg,2025-07-17T20:19:59.213-07:00,39.83383611111111,-121.11449444444443
IMG_1147.jpg,2025-07-17T20:20:00.767-07:00,39.83383055555556,-121.11449444444443
IMG_1148.jpg,2025-07-17T20:21:05.136-07:00,39.83383611111111,-121.11444166666666
IMG_1149.jpg,2025-07-17T20:21:06.067-07:00,39.83383611111111,-121.11444166666666
IMG_1150.jpg,2025-07-17T20:21:10.764-07:00,39.83383888888889,-121.11444166666666
IMG_1151.jpg,2025-07-17T20:21:42.727-07:00,39.83383888888889,-121.11444722222221
IMG_1152.jpg,2025-07-17T20:21:43.546-07:00,39.83383888888889,-121.11444722222221
IMG_1153.jpg,2025-07-17T20:21:49.617-07:00,39.83383055555556,-121.11444722222221
IMG_1154.jpg,2025-07-17T20:21:50.585-07:00,39.83383055555556,-121.11444722222221
IMG_1155.jpg,2025-07-17T20:21:57.239-07:00,39.833844444444445,-121.11444166666666
IMG_1156.jpg,2025-07-17T20:22:01.51-07:00,39.833847222222225,-121.11444722222221
IMG_1157.jpg,2025-07-18T08:16:43.031-07:00,39.86761944444444,-121.17342500000001
IMG_1158.jpg,2025-07-18T18:49:19.523-07:00,39.97413888888889,-121.235825
IMG_1159.jpg,2025-07-18T18:49:24.209-07:00,39.974125,-121.23586944444445
IMG_1160.jpg,2025-07-18T18:49:26.242-07:00,39.97412777777778,-121.23586944444445
IMG_1161.jpg,2025-07-18T20:01:22.442-07:00,39.9852,-121.25734722222222
IMG_1162.jpg,2025-07-18T20:01:23.348-07:00,39.9852,-121.25734722222222
IMG_1163.jpg,2025-07-18T20:01:27.467-07:00,39.985175,-121.25817222222223
IMG_1165.jpg,2025-07-19T14:16:04.776-07:00,40.03686111111111,-121.39511944444445
IMG_1166.jpg,2025-07-19T17:37:29.425-07:00,40.09170277777778,-121.37804444444444
IMG_1169.jpg,2025-07-19T18:42:51.994-07:00,40.11815,-121.391975
IMG_1170.jpg,2025-07-19T18:42:55.657-07:00,40.119233333333334,-121.39247222222222
IMG_1171.jpg,2025-07-19T20:20:56.56-07:00,40.15526111111111,-121.41272777777779
IMG_1174.jpg,2025-07-19T20:26:14.371-07:00,40.15698888888889,-121.41523611111111
IMG_1175.jpg,2025-07-19T20:26:30.996-07:00,40.156974999999996,-121.41545833333333
IMG_1176.jpg,2025-07-19T20:34:36.124-07:00,40.15647222222222,-121.421875
IMG_1178.jpg,2025-07-19T20:35:40.475-07:00,40.156349999999996,-121.42278333333334
IMG_1180.jpg,2025-07-20T11:41:49.701-07:00,40.210036111111116,-121.35589722222221
IMG_1182.jpg,2025-07-20T11:41:53.04-07:00,40.210036111111116,-121.35589722222221
IMG_1183.jpg,2025-07-20T11:41:55.164-07:00,40.210033333333335,-121.35588888888888
IMG_1184.jpg,2025-07-20T11:41:57.591-07:00,40.21004444444445,-121.35588055555554
IMG_1189.jpg,2025-07-21T12:37:25.916-07:00,40.289744444444445,-121.34072777777777
IMG_1191.jpg,2025-07-21T12:37:38.229-07:00,40.28978333333333,-121.34065277777778
IMG_1192.jpg,2025-07-21T18:14:42.127-07:00,40.409774999999996,-121.38403333333333
IMG_1193.jpg,2025-07-21T18:14:43.018-07:00,40.40975833333333,-121.38397222222223
IMG_1195.jpg,2025-07-21T18:48:39.737-07:00,40.42113888888888,-121.37729722222221
IMG_1196.jpg,2025-07-21T18:48:43.713-07:00,40.42111666666666,-121.37724999999999
IMG_1198.jpg,2025-07-21T19:43:11.036-07:00,40.44171111111111,-121.40129722222223
IMG_1199.jpg,2025-07-22T09:35:58.422-07:00,40.4957,-121.36553888888888
IMG_1201.jpg,2025-07-23T07:24:31.896-07:00,40.696261111111106,-121.40169444444444
IMG_1202.jpg,2025-07-23T07:24:37.61-07:00,40.69629722222222,-121.40226666666668
IMG_1203.jpg,2025-07-23T07:24:38.416-07:00,40.69629722222222,-121.40226666666668
IMG_1204.jpg,2025-07-23T07:58:00.164-07:00,40.70866388888889,-121.40312222222222
IMG_1205.jpg,2025-07-25T10:21:31.231-07:00,41.01246944444444,-121.65126111111111
IMG_1206.jpg,2025-07-25T10:21:32.544-07:00,41.012477777777775,-121.65126111111111
IMG_1207.jpg,2025-07-25T10:26:24.678-07:00,41.012766666666664,-121.65179444444445
IMG_1208.jpg,2025-07-25T10:26:44.282-07:00,41.012569444444445,-121.65195555555556
IMG_1209.jpg,2025-07-25T10:26:44.875-07:00,41.012569444444445,-121.65196111111112
IMG_1211.jpg,2025-07-26T06:13:47.261-07:00,41.07541666666667,-121.80105555555555
IMG_1212.jpg,2025-07-26T06:13:47.74-07:00,41.0754,-121.80105555555555
IMG_1213.jpg,2025-07-26T06:13:51.292-07:00,41.07539444444445,-121.80104722222222
IMG_1215.jpg,2025-07-26T06:22:17.951-07:00,41.07958611111111,-121.79909444444445
IMG_1216.jpg,2025-07-26T06:26:09.411-07:00,41.082150000000006,-121.79814999999999
IMG_1218.jpg,2025-07-26T06:26:16.29-07:00,41.08211388888889,-121.7981638888889
IMG_1220.jpg,2025-07-26T09:49:33.789-07:00,41.15619722222222,-121.77417777777778
IMG_1221.jpg,2025-07-26T17:33:05.964-07:00,41.14322222222222,-121.97432777777777
IMG_1223.jpg,2025-07-27T15:17:18.905-07:00,41.14083055555555,-122.16921944444445
IMG_1224.jpg,2025-07-27T16:14:10.501-07:00,41.138711111111114,-122.19159722222223
IMG_1225.jpg,2025-07-27T17:12:46.392-07:00,41.138863888888885,-122.19675555555555
IMG_1226.jpg,2025-07-27T18:27:58.96-07:00,41.14881944444444,-122.22285555555555
IMG_1228.jpg,2025-07-27T18:43:46.733-07:00,41.150555555555556,-122.23360555555556
IMG_1229.jpg,2025-07-27T20:19:16.611-07:00,41.146972222222225,-122.25028333333333
IMG_1230.jpg,2025-07-27T20:28:03.456-07:00,41.14982222222222,-122.2546611111111
IMG_1231.jpg,2025-07-28T06:46:26.469-07:00,41.16095277777777,-122.27883888888888
IMG_1233.jpg,2025-07-28T06:46:30.392-07:00,41.160725,-122.27939722222222
IMG_1234.jpg,2025-07-28T06:53:18.007-07:00,41.15690277777777,-122.28054722222222
IMG_1235.jpg,2025-07-28T18:29:39.385-07:00,41.16102222222222,-122.35264722222222
IMG_1236.jpg,2025-07-28T18:30:55.233-07:00,41.16108055555556,-122.3526611111111
IMG_1238.jpg,2025-07-28T19:57:26.834-07:00,41.183613888888885,-122.37410833333333
IMG_1239.jpg,2025-07-29T08:12:55.422-07:00,41.211577777777784,-122.38556666666668
IMG_1241.jpg,2025-07-29T15:02:04.327-07:00,41.21645277777778,-122.52095
IMG_1244.jpg,2025-07-29T15:28:37.637-07:00,41.22826666666667,-122.51377222222222
IMG_1246.jpg,2025-07-29T15:28:42.034-07:00,41.22954444444445,-122.51359444444445
IMG_1248.jpg,2025-07-29T18:12:39.896-07:00,41.29472222222222,-122.49783333333333
IMG_1251.jpg,2025-07-31T12:08:52.256-07:00,41.197941666666665,-122.85613333333333
IMG_1254.jpg,2025-08-01T11:18:57.073-07:00,41.40644722222222,-123.02267499999999
IMG_1255.jpg,2025-08-02T11:32:21.504-07:00,41.57705,-123.19450277777779
IMG_1257.jpg,2025-08-02T11:32:34.789-07:00,41.5775,-123.19469444444445
IMG_1260.jpg,2025-08-02T11:52:37.042-07:00,41.58744166666667,-123.20246111111112
IMG_1262.jpg,2025-08-02T13:55:02.674-07:00,41.6134,-123.2098
IMG_1263.jpg,2025-08-03T19:11:58.719-07:00,41.919605555555556,-123.13925277777778
IMG_1265.jpg,2025-08-03T19:32:28.086-07:00,41.92850833333333,-123.13133888888888
IMG_1266.jpg,2025-08-03T19:32:40.662-07:00,41.92871944444444,-123.1311861111111
IMG_1268.jpg,2025-08-03T19:55:47.194-07:00,41.93912222222222,-123.1393888888889
IMG_1270.jpg,2025-08-04T07:22:48.38-07:00,41.93928611111111,-123.13272777777777
IMG_1272.jpg,2025-08-04T07:22:54.767-07:00,41.93928888888889,-123.13265277777776
IMG_1274.jpg,2025-08-04T14:29:03.988-07:00,41.961075,-122.94823333333333
IMG_1275.jpg,2025-08-04T16:45:39.528-07:00,42.00346666666667,-122.90895833333335
IMG_1276.jpg,2025-08-04T16:45:50.859-07:00,42.00358888888889,-122.90904166666667
IMG_1277.jpg,2025-08-04T16:46:05.295-07:00,42.003613888888886,-122.90908055555556
IMG_1279.jpg,2025-08-04T16:46:19.798-07:00,42.00360555555555,-122.9090638888889
IMG_1282.jpg,2025-08-04T17:09:06.34-07:00,42.003594444444445,-122.90911944444446
IMG_1285.jpg,2025-08-05T09:07:49.467-07:00,42.06690555555556,-122.76377777777778
IMG_1297.jpg,2025-08-15T20:57:13.402-07:00,45.664738888888884,-121.89663611111112
IMG_1299.jpg,2025-08-15T20:57:15.851-07:00,45.664744444444445,-121.89663055555556
IMG_1313.jpg,2025-08-17T10:44:46.051-07:00,42.058474999999994,-122.60250833333333
IMG_1314.jpg,2025-08-17T20:07:30.641-07:00,42.09298611111112,-122.47757777777778
IMG_1315.jpg,2025-08-17T20:07:32.379-07:00,42.09299722222222,-122.4776
IMG_1316.jpg,2025-08-18T17:35:35.004-07:00,42.24871111111111,-122.28611666666666
IMG_1317.jpg,2025-08-18T17:35:39.499-07:00,42.24871111111111,-122.28611666666666
IMG_1318.jpg,2025-08-18T19:49:10.67-07:00,42.31335,-122.26284722222222
IMG_1319.jpg,2025-08-20T11:04:13.891-07:00,42.641777777777776,-122.21221111111112
IMG_1320.jpg,2025-08-20T11:04:14.414-07:00,42.641777777777776,-122.21221111111112
IMG_1321.jpg,2025-08-20T14:48:14.164-07:00,42.72663888888889,-122.18990277777777
IMG_1930.jpg,2025-06-09T12:45:18.429-07:00,36.18185,-118.12881388888889
IMG_1941.jpg,2025-06-09T12:48:18.448-07:00,36.181863888888884,-118.12881388888889
IMG_1949.jpg,2025-06-09T12:48:54.366-07:00,36.18188055555555,-118.1288
IMG_4056.jpg,2025-06-09T13:06:40.508-07:00,36.18185,-118.12872222222222
IMG_4057.jpg,2025-06-09T13:06:41.512-07:00,36.18186111111111,-118.12870833333332
IMG_4064.jpg,2025-06-09T14:01:58.335-07:00,36.181916666666666,-118.12883055555555
IMG_4080.jpg,2025-06-09T18:56:46.068-07:00,36.23566111111111,-118.11840833333332
IMG_4116.jpg,2025-06-10T12:14:47.333-07:00,36.339980555555556,-118.13109722222221
IMG_4130.jpg,2025-06-10T13:14:27.368-07:00,36.361530555555554,-118.12747222222221
IMG_4488.jpg,2025-06-14T12:38:09.396-07:00,36.64395277777778,-118.3872
IMG_4489.jpg,2025-06-14T12:38:18.585-07:00,36.64395555555556,-118.38717777777778
IMG_4490.jpg,2025-06-14T12:38:31.997-07:00,36.64396388888889,-118.38718333333334
IMG_4844.jpg,2025-04-28T10:34:27.265-07:00,32.729,-116.48357222222222
IMG_4845.jpg,2025-04-28T10:34:27.928-07:00,32.729,-116.48357222222222
IMG_4846.jpg,2025-04-28T10:34:28.789-07:00,32.729,-116.48357222222222
